Season,Round,RaceName,DriverId,Driver,TeamId,TeamName,GridPosition,DriverExperience,TeamReliability,CarPerformanceIndex,DriverRecentPosition,QualifyingGapPercent,QualifyingPosition,FieldSize,TireCompound,TrackTemperature,AirTemperature,TrackStatus,FinalPosition,Points_Scored,Status,Finished
2025,1,Australian Grand Prix,norris,NOR,mclaren,McLaren,1.0,0,,,,0.0,1.0,20,3,40.50133333333333,30.336000000000002,Dry,1.0,25.0,Finished,True
2025,1,Australian Grand Prix,max_verstappen,VER,red_bull,Red Bull Racing,3.0,0,,,,0.5126771066368274,3.0,20,3,40.50133333333333,30.336000000000002,Dry,2.0,18.0,Finished,True
2025,1,Australian Grand Prix,russell,RUS,mercedes,Mercedes,4.0,0,,,,0.5992329817833264,4.0,20,3,40.50133333333333,30.336000000000002,Dry,3.0,15.0,Finished,True
2025,1,Australian Grand Prix,antonelli,ANT,mercedes,Mercedes,16.0,0,,,,1.9028976243741447,16.0,20,3,40.50133333333333,30.336000000000002,Dry,4.0,12.0,Finished,True
2025,1,Australian Grand Prix,albon,ALB,williams,Williams,6.0,0,,,,0.8535740918291124,6.0,20,3,40.50133333333333,30.336000000000002,Dry,5.0,10.0,Finished,True
2025,1,Australian Grand Prix,stroll,STR,aston_martin,Aston Martin,13.0,0,,,,1.6951635240225693,13.0,20,3,40.50133333333333,30.336000000000002,Dry,6.0,8.0,Finished,True
2025,1,Australian Grand Prix,hulkenberg,HUL,sauber,Kick Sauber,17.0,0,,,,1.9748055821881216,17.0,20,3,40.50133333333333,30.336000000000002,Dry,7.0,6.0,Finished,True
2025,1,Australian Grand Prix,leclerc,LEC,ferrari,Ferrari,7.0,0,,,,0.8775434111004454,7.0,20,3,40.50133333333333,30.336000000000002,Dry,8.0,4.0,Finished,True
2025,1,Australian Grand Prix,piastri,PIA,mclaren,McLaren,2.0,0,,,,0.11185682326622093,2.0,20,3,40.50133333333333,30.336000000000002,Dry,9.0,2.0,Finished,True
2025,1,Australian Grand Prix,hamilton,HAM,ferrari,Ferrari,8.0,0,,,,1.0959305422392651,8.0,20,3,40.50133333333333,30.336000000000002,Dry,10.0,1.0,Finished,True
2025,1,Australian Grand Prix,gasly,GAS,alpine,Alpine,9.0,0,,,,1.1771599019921197,9.0,20,3,40.50133333333333,30.336000000000002,Dry,11.0,0.0,Finished,True
2025,1,Australian Grand Prix,tsunoda,TSU,rb,Racing Bulls,5.0,0,,,,0.7643549589858356,5.0,20,3,40.50133333333333,30.336000000000002,Dry,12.0,0.0,Finished,True
2025,1,Australian Grand Prix,ocon,OCO,haas,Haas F1 Team,19.0,0,,,,2.731170768083513,19.0,20,3,40.50133333333333,30.336000000000002,Dry,13.0,0.0,Finished,True
2025,1,Australian Grand Prix,bearman,BEA,haas,Haas F1 Team,20.0,0,,,,,20.0,20,Unknown,40.50133333333333,30.336000000000002,Dry,14.0,0.0,Finished,True
2025,1,Australian Grand Prix,lawson,LAW,red_bull,Red Bull Racing,18.0,0,,,,2.660594439117925,18.0,20,3,40.50133333333333,30.336000000000002,Dry,15.0,0.0,Retired,False
2025,1,Australian Grand Prix,bortoleto,BOR,sauber,Kick Sauber,15.0,0,,,,1.890912964738467,15.0,20,3,40.50133333333333,30.336000000000002,Dry,16.0,0.0,Retired,False
2025,1,Australian Grand Prix,alonso,ALO,aston_martin,Aston Martin,12.0,0,,,,1.5873015873015817,12.0,20,3,40.50133333333333,30.336000000000002,Dry,17.0,0.0,Retired,False
2025,1,Australian Grand Prix,sainz,SAI,williams,Williams,10.0,0,,,,1.1119100884201538,10.0,20,3,40.50133333333333,30.336000000000002,Dry,18.0,0.0,Retired,False
2025,1,Australian Grand Prix,doohan,DOO,alpine,Alpine,14.0,0,,,,1.6232555662085701,14.0,20,3,40.50133333333333,30.336000000000002,Dry,19.0,0.0,Retired,False
2025,1,Australian Grand Prix,hadjar,HAD,rb,Racing Bulls,11.0,0,,,,1.43682752743155,11.0,20,3,40.50133333333333,30.336000000000002,Dry,20.0,0.0,Retired,False
2025,2,Chinese Grand Prix,piastri,PIA,mclaren,McLaren,1.0,1,100.0,5.0,9.0,0.0,1.0,20,3,38.67012987012986,26.13246753246753,Dry,1.0,25.0,Finished,True
2025,2,Chinese Grand Prix,norris,NOR,mclaren,McLaren,3.0,1,100.0,5.0,1.0,0.16107501020510284,3.0,20,3,38.67012987012986,26.13246753246753,Dry,2.0,18.0,Finished,True
2025,2,Chinese Grand Prix,russell,RUS,mercedes,Mercedes,2.0,1,100.0,3.5,3.0,0.09046678655353357,2.0,20,3,38.67012987012986,26.13246753246753,Dry,3.0,15.0,Finished,True
2025,2,Chinese Grand Prix,max_verstappen,VER,red_bull,Red Bull Racing,4.0,1,50.0,8.5,2.0,0.19417261504175443,4.0,20,3,38.67012987012986,26.13246753246753,Dry,4.0,12.0,Finished,True
2025,2,Chinese Grand Prix,ocon,OCO,haas,Haas F1 Team,11.0,1,100.0,13.5,13.0,1.0856014386425583,11.0,20,3,38.67012987012986,26.13246753246753,Dry,5.0,10.0,Finished,True
2025,2,Chinese Grand Prix,antonelli,ANT,mercedes,Mercedes,8.0,1,100.0,3.5,4.0,0.5097031144845943,8.0,20,3,38.67012987012986,26.13246753246753,Dry,6.0,8.0,Finished,True
2025,2,Chinese Grand Prix,albon,ALB,williams,Williams,10.0,1,50.0,11.5,5.0,0.9510045123067856,10.0,20,3,38.67012987012986,26.13246753246753,Dry,7.0,6.0,Finished,True
2025,2,Chinese Grand Prix,bearman,BEA,haas,Haas F1 Team,17.0,1,100.0,13.5,14.0,1.519180062002845,17.0,20,3,38.67012987012986,26.13246753246753,Dry,8.0,4.0,Finished,True
2025,2,Chinese Grand Prix,stroll,STR,aston_martin,Aston Martin,14.0,1,50.0,11.5,6.0,1.248882955836761,14.0,20,3,38.67012987012986,26.13246753246753,Dry,9.0,2.0,Finished,True
2025,2,Chinese Grand Prix,sainz,SAI,williams,Williams,15.0,0,50.0,11.5,18.0,1.088911199126219,15.0,20,3,38.67012987012986,26.13246753246753,Dry,10.0,1.0,Finished,True
2025,2,Chinese Grand Prix,hadjar,HAD,rb,Racing Bulls,7.0,0,50.0,16.0,20.0,0.4832250306152641,7.0,20,3,38.67012987012986,26.13246753246753,Dry,11.0,0.0,Finished,True
2025,2,Chinese Grand Prix,lawson,LAW,red_bull,Red Bull Racing,20.0,0,50.0,8.5,15.0,1.691287607153491,20.0,20,3,38.67012987012986,26.13246753246753,Dry,12.0,0.0,Finished,True
2025,2,Chinese Grand Prix,doohan,DOO,alpine,Alpine,18.0,0,50.0,15.0,19.0,1.6008208205999352,18.0,20,3,38.67012987012986,26.13246753246753,Dry,13.0,0.0,Finished,True
2025,2,Chinese Grand Prix,bortoleto,BOR,sauber,Kick Sauber,19.0,0,50.0,11.5,16.0,1.6548802418331565,19.0,20,3,38.67012987012986,26.13246753246753,Dry,14.0,0.0,Lapped,True
2025,2,Chinese Grand Prix,hulkenberg,HUL,sauber,Kick Sauber,12.0,1,50.0,11.5,7.0,1.0933242131044407,12.0,20,3,38.67012987012986,26.13246753246753,Dry,15.0,0.0,Lapped,True
2025,2,Chinese Grand Prix,tsunoda,TSU,rb,Racing Bulls,9.0,1,50.0,16.0,12.0,0.658642336249593,9.0,20,3,38.67012987012986,26.13246753246753,Dry,16.0,0.0,Lapped,True
2025,2,Chinese Grand Prix,alonso,ALO,aston_martin,Aston Martin,13.0,0,50.0,11.5,17.0,1.1551064087995444,13.0,20,3,38.67012987012986,26.13246753246753,Dry,17.0,0.0,Retired,False
2025,2,Chinese Grand Prix,leclerc,LEC,ferrari,Ferrari,6.0,1,100.0,9.0,8.0,0.4192363279310607,6.0,20,3,38.67012987012986,26.13246753246753,Dry,18.0,0.0,Disqualified,False
2025,2,Chinese Grand Prix,hamilton,HAM,ferrari,Ferrari,5.0,1,100.0,9.0,10.0,0.31553049944286204,5.0,20,3,38.67012987012986,26.13246753246753,Dry,19.0,0.0,Disqualified,False
2025,2,Chinese Grand Prix,gasly,GAS,alpine,Alpine,16.0,1,50.0,15.0,11.0,1.490495471144393,16.0,20,3,38.67012987012986,26.13246753246753,Dry,20.0,0.0,Disqualified,False
2025,3,Japanese Grand Prix,max_verstappen,VER,red_bull,Red Bull Racing,1.0,2,75.0,8.25,3.0,0.0,1.0,20,3,32.14117647058824,14.69529411764706,Dry,1.0,25.0,Finished,True
2025,3,Japanese Grand Prix,norris,NOR,mclaren,McLaren,2.0,2,100.0,3.25,1.5,0.013795799179150414,2.0,20,3,32.14117647058824,14.69529411764706,Dry,2.0,18.0,Finished,True
2025,3,Japanese Grand Prix,piastri,PIA,mclaren,McLaren,3.0,2,100.0,3.25,5.0,0.050584596990210784,3.0,20,3,32.14117647058824,14.69529411764706,Dry,3.0,15.0,Finished,True
2025,3,Japanese Grand Prix,leclerc,LEC,ferrari,Ferrari,4.0,1,50.0,13.75,13.0,0.36328937838427944,4.0,20,3,32.14117647058824,14.69529411764706,Dry,4.0,12.0,Finished,True
2025,3,Japanese Grand Prix,russell,RUS,mercedes,Mercedes,5.0,2,100.0,4.0,3.0,0.3851327270846028,5.0,20,3,32.14117647058824,14.69529411764706,Dry,5.0,10.0,Finished,True
2025,3,Japanese Grand Prix,antonelli,ANT,mercedes,Mercedes,6.0,2,100.0,4.0,5.0,0.6575997608728068,6.0,20,3,32.14117647058824,14.69529411764706,Dry,6.0,8.0,Finished,True
2025,3,Japanese Grand Prix,hamilton,HAM,ferrari,Ferrari,8.0,1,50.0,13.75,14.5,0.7208305071105814,8.0,20,3,32.14117647058824,14.69529411764706,Dry,7.0,6.0,Finished,True
2025,3,Japanese Grand Prix,hadjar,HAD,rb,Racing Bulls,7.0,1,75.0,14.75,15.5,0.6736948599151527,7.0,20,3,32.14117647058824,14.69529411764706,Dry,8.0,4.0,Finished,True
2025,3,Japanese Grand Prix,albon,ALB,williams,Williams,9.0,2,75.0,10.0,6.0,0.7265787567685589,9.0,20,3,32.14117647058824,14.69529411764706,Dry,9.0,2.0,Finished,True
2025,3,Japanese Grand Prix,bearman,BEA,haas,Haas F1 Team,10.0,2,100.0,10.0,11.0,0.8369451502017622,10.0,20,3,32.14117647058824,14.69529411764706,Dry,10.0,1.0,Finished,True
2025,3,Japanese Grand Prix,alonso,ALO,aston_martin,Aston Martin,12.0,0,50.0,12.25,17.0,1.0507800374785825,13.0,20,3,32.14117647058824,14.69529411764706,Dry,11.0,0.0,Finished,True
2025,3,Japanese Grand Prix,tsunoda,TSU,red_bull,Red Bull Racing,14.0,2,75.0,8.25,14.0,1.1312555326902896,15.0,20,3,32.14117647058824,14.69529411764706,Dry,12.0,0.0,Finished,True
2025,3,Japanese Grand Prix,gasly,GAS,alpine,Alpine,11.0,1,50.0,15.75,15.5,0.964556292608898,11.0,20,3,32.14117647058824,14.69529411764706,Dry,13.0,0.0,Finished,True
2025,3,Japanese Grand Prix,sainz,SAI,williams,Williams,15.0,1,75.0,10.0,14.0,0.9806513916512438,12.0,20,3,32.14117647058824,14.69529411764706,Dry,14.0,0.0,Finished,True
2025,3,Japanese Grand Prix,doohan,DOO,alpine,Alpine,19.0,1,50.0,15.75,16.0,2.177436970442481,19.0,20,3,32.14117647058824,14.69529411764706,Dry,15.0,0.0,Finished,True
2025,3,Japanese Grand Prix,hulkenberg,HUL,sauber,Kick Sauber,16.0,2,75.0,13.0,11.0,1.8244944414425701,16.0,20,3,32.14117647058824,14.69529411764706,Dry,16.0,0.0,Finished,True
2025,3,Japanese Grand Prix,lawson,LAW,rb,Racing Bulls,13.0,1,75.0,14.75,13.5,1.0611268868629509,14.0,20,3,32.14117647058824,14.69529411764706,Dry,17.0,0.0,Finished,True
2025,3,Japanese Grand Prix,ocon,OCO,haas,Haas F1 Team,18.0,2,100.0,10.0,9.0,1.9693503328236384,18.0,20,3,32.14117647058824,14.69529411764706,Dry,18.0,0.0,Finished,True
2025,3,Japanese Grand Prix,bortoleto,BOR,sauber,Kick Sauber,17.0,1,75.0,13.0,15.0,1.8842762378855626,17.0,20,3,32.14117647058824,14.69529411764706,Dry,19.0,0.0,Finished,True
2025,3,Japanese Grand Prix,stroll,STR,aston_martin,Aston Martin,20.0,2,50.0,12.25,7.5,2.6303990434912494,20.0,20,3,32.14117647058824,14.69529411764706,Dry,20.0,0.0,Lapped,True
2025,4,Bahrain Grand Prix,piastri,PIA,mclaren,McLaren,1.0,3,100.0,3.0,4.333333333333333,0.0,1.0,20,3,30.89425287356321,26.296551724137935,Dry,1.0,25.0,Finished,True
2025,4,Bahrain Grand Prix,russell,RUS,mercedes,Mercedes,3.0,3,100.0,4.5,3.6666666666666665,0.18699702808295804,2.0,20,3,30.89425287356321,26.296551724137935,Dry,2.0,18.0,Finished,True
2025,4,Bahrain Grand Prix,norris,NOR,mclaren,McLaren,6.0,3,100.0,3.0,1.6666666666666667,0.47417103549605155,6.0,20,3,30.89425287356321,26.296551724137935,Dry,3.0,15.0,Finished,True
2025,4,Bahrain Grand Prix,leclerc,LEC,ferrari,Ferrari,2.0,2,66.66666666666666,11.0,10.0,0.37176790106967506,3.0,20,3,30.89425287356321,26.296551724137935,Dry,4.0,12.0,Finished,True
2025,4,Bahrain Grand Prix,hamilton,HAM,ferrari,Ferrari,9.0,2,66.66666666666666,11.0,12.0,1.0362751972930129,9.0,20,3,30.89425287356321,26.296551724137935,Dry,5.0,10.0,Finished,True
2025,4,Bahrain Grand Prix,max_verstappen,VER,red_bull,Red Bull Racing,7.0,3,83.33333333333334,7.666666666666667,2.3333333333333335,0.6478111330016523,7.0,20,3,30.89425287356321,26.296551724137935,Dry,6.0,8.0,Finished,True
2025,4,Bahrain Grand Prix,gasly,GAS,alpine,Alpine,4.0,2,66.66666666666666,15.166666666666666,14.666666666666666,0.41740408054229405,5.0,20,3,30.89425287356321,26.296551724137935,Dry,7.0,6.0,Finished,True
2025,4,Bahrain Grand Prix,ocon,OCO,haas,Haas F1 Team,14.0,3,100.0,11.333333333333334,12.0,1.9512249418417005,14.0,20,3,30.89425287356321,26.296551724137935,Dry,8.0,4.0,Finished,True
2025,4,Bahrain Grand Prix,tsunoda,TSU,red_bull,Red Bull Racing,10.0,3,83.33333333333334,7.666666666666667,13.333333333333334,1.5438385592324133,10.0,20,3,30.89425287356321,26.296551724137935,Dry,9.0,2.0,Finished,True
2025,4,Bahrain Grand Prix,bearman,BEA,haas,Haas F1 Team,20.0,3,100.0,11.333333333333334,10.666666666666666,2.8183123518215725,20.0,20,3,30.89425287356321,26.296551724137935,Dry,10.0,1.0,Finished,True
2025,4,Bahrain Grand Prix,antonelli,ANT,mercedes,Mercedes,5.0,3,100.0,4.5,5.333333333333333,0.4140648478979436,4.0,20,3,30.89425287356321,26.296551724137935,Dry,11.0,0.0,Finished,True
2025,4,Bahrain Grand Prix,albon,ALB,williams,Williams,15.0,3,83.33333333333334,10.5,7.0,2.447657528300007,15.0,20,3,30.89425287356321,26.296551724137935,Dry,12.0,0.0,Finished,True
2025,4,Bahrain Grand Prix,hadjar,HAD,rb,Racing Bulls,12.0,2,83.33333333333334,14.0,13.0,1.5917008938012733,12.0,20,3,30.89425287356321,26.296551724137935,Dry,13.0,0.0,Finished,True
2025,4,Bahrain Grand Prix,doohan,DOO,alpine,Alpine,11.0,2,66.66666666666666,15.166666666666666,15.666666666666666,1.5627608775503399,11.0,20,3,30.89425287356321,26.296551724137935,Dry,14.0,0.0,Finished,True
2025,4,Bahrain Grand Prix,alonso,ALO,aston_martin,Aston Martin,13.0,1,66.66666666666666,13.333333333333334,15.0,1.99574804376621,13.0,20,3,30.89425287356321,26.296551724137935,Dry,15.0,0.0,Finished,True
2025,4,Bahrain Grand Prix,lawson,LAW,rb,Racing Bulls,17.0,2,83.33333333333334,14.0,14.666666666666666,2.586792221814105,17.0,20,3,30.89425287356321,26.296551724137935,Dry,16.0,0.0,Finished,True
2025,4,Bahrain Grand Prix,stroll,STR,aston_martin,Aston Martin,19.0,3,66.66666666666666,13.333333333333334,11.666666666666666,2.718135372491415,19.0,20,3,30.89425287356321,26.296551724137935,Dry,17.0,0.0,Finished,True
2025,4,Bahrain Grand Prix,bortoleto,BOR,sauber,Kick Sauber,18.0,2,83.33333333333334,14.5,16.333333333333332,2.610166850324469,18.0,20,3,30.89425287356321,26.296551724137935,Dry,18.0,0.0,Finished,True
2025,4,Bahrain Grand Prix,sainz,SAI,williams,Williams,8.0,2,83.33333333333334,10.5,14.0,0.9338720628666364,8.0,20,3,30.89425287356321,26.296551724137935,Dry,19.0,0.0,Retired,False
2025,4,Bahrain Grand Prix,hulkenberg,HUL,sauber,Kick Sauber,16.0,3,83.33333333333334,14.5,12.666666666666666,2.061419619104865,16.0,20,3,30.89425287356321,26.296551724137935,Dry,20.0,0.0,Disqualified,False
2025,5,Saudi Arabian Grand Prix,piastri,PIA,mclaren,McLaren,2.0,4,100.0,2.75,3.5,0.011455541045202189,2.0,20,3,37.22558139534884,29.57558139534884,Dry,1.0,25.0,Finished,True
2025,5,Saudi Arabian Grand Prix,max_verstappen,VER,red_bull,Red Bull Racing,1.0,4,87.5,7.625,3.25,0.0,1.0,20,3,37.22558139534884,29.57558139534884,Dry,2.0,18.0,Finished,True
2025,5,Saudi Arabian Grand Prix,leclerc,LEC,ferrari,Ferrari,4.0,3,75.0,9.375,8.5,0.4307283432996689,4.0,20,3,37.22558139534884,29.57558139534884,Dry,3.0,15.0,Finished,True
2025,5,Saudi Arabian Grand Prix,norris,NOR,mclaren,McLaren,10.0,4,100.0,2.75,2.0,0.21421861754531424,10.0,20,3,37.22558139534884,29.57558139534884,Dry,4.0,12.0,Finished,True
2025,5,Saudi Arabian Grand Prix,russell,RUS,mercedes,Mercedes,3.0,4,100.0,5.0,3.25,0.12944761381079584,3.0,20,3,37.22558139534884,29.57558139534884,Dry,5.0,10.0,Finished,True
2025,5,Saudi Arabian Grand Prix,antonelli,ANT,mercedes,Mercedes,5.0,4,100.0,5.0,6.75,0.5773592686782569,5.0,20,3,37.22558139534884,29.57558139534884,Dry,6.0,8.0,Finished,True
2025,5,Saudi Arabian Grand Prix,hamilton,HAM,ferrari,Ferrari,7.0,3,75.0,9.375,10.25,0.9256077164524479,7.0,20,3,37.22558139534884,29.57558139534884,Dry,7.0,6.0,Finished,True
2025,5,Saudi Arabian Grand Prix,sainz,SAI,williams,Williams,6.0,2,75.0,11.75,15.25,0.8362544962998708,6.0,20,3,37.22558139534884,29.57558139534884,Dry,8.0,4.0,Finished,True
2025,5,Saudi Arabian Grand Prix,albon,ALB,williams,Williams,11.0,4,75.0,11.75,8.25,0.9336265951840783,11.0,20,3,37.22558139534884,29.57558139534884,Dry,9.0,2.0,Finished,True
2025,5,Saudi Arabian Grand Prix,hadjar,HAD,rb,Racing Bulls,14.0,3,87.5,14.125,13.0,1.2876028134808815,14.0,20,3,37.22558139534884,29.57558139534884,Dry,10.0,1.0,Finished,True
2025,5,Saudi Arabian Grand Prix,alonso,ALO,aston_martin,Aston Martin,13.0,2,75.0,14.0,15.0,1.1558640914610452,13.0,20,3,37.22558139534884,29.57558139534884,Dry,11.0,0.0,Finished,True
2025,5,Saudi Arabian Grand Prix,lawson,LAW,rb,Racing Bulls,12.0,3,87.5,14.125,15.0,1.0275620317547585,12.0,20,3,37.22558139534884,29.57558139534884,Dry,12.0,0.0,Finished,True
2025,5,Saudi Arabian Grand Prix,bearman,BEA,haas,Haas F1 Team,15.0,4,100.0,10.75,10.5,1.4227781978142895,15.0,20,3,37.22558139534884,29.57558139534884,Dry,13.0,0.0,Finished,True
2025,5,Saudi Arabian Grand Prix,ocon,OCO,haas,Haas F1 Team,19.0,4,100.0,10.75,11.0,2.059706279927598,19.0,20,3,37.22558139534884,29.57558139534884,Dry,14.0,0.0,Finished,True
2025,5,Saudi Arabian Grand Prix,hulkenberg,HUL,sauber,Kick Sauber,18.0,3,75.0,15.625,14.5,1.7045845075262855,18.0,20,3,37.22558139534884,29.57558139534884,Dry,15.0,0.0,Lapped,True
2025,5,Saudi Arabian Grand Prix,stroll,STR,aston_martin,Aston Martin,16.0,4,75.0,14.0,13.0,1.5476435952070045,16.0,20,3,37.22558139534884,29.57558139534884,Dry,16.0,0.0,Lapped,True
2025,5,Saudi Arabian Grand Prix,doohan,DOO,alpine,Alpine,17.0,3,75.0,14.0,15.25,1.6553256810319272,17.0,20,3,37.22558139534884,29.57558139534884,Dry,17.0,0.0,Lapped,True
2025,5,Saudi Arabian Grand Prix,bortoleto,BOR,sauber,Kick Sauber,20.0,3,75.0,15.625,16.75,2.4835612986001454,20.0,20,3,37.22558139534884,29.57558139534884,Dry,18.0,0.0,Lapped,True
2025,5,Saudi Arabian Grand Prix,tsunoda,TSU,red_bull,Red Bull Racing,8.0,4,87.5,7.625,12.25,0.7973056567461612,8.0,20,3,37.22558139534884,29.57558139534884,Dry,19.0,0.0,Retired,False
2025,5,Saudi Arabian Grand Prix,gasly,GAS,alpine,Alpine,9.0,3,75.0,14.0,12.75,0.8374000504043799,9.0,20,3,37.22558139534884,29.57558139534884,Dry,20.0,0.0,Retired,False
2025,6,Miami Grand Prix,piastri,PIA,mclaren,McLaren,4.0,5,100.0,2.7,3.0,0.07540253352513737,4.0,20,3,41.015384615384605,27.974358974358967,Dry,1.0,25.0,Finished,True
2025,6,Miami Grand Prix,norris,NOR,mclaren,McLaren,2.0,5,100.0,2.7,2.4,0.07540253352513737,2.0,20,3,41.015384615384605,27.974358974358967,Dry,2.0,18.0,Finished,True
2025,6,Miami Grand Prix,russell,RUS,mercedes,Mercedes,5.0,5,100.0,5.1,3.6,0.20996705489306766,5.0,20,3,41.015384615384605,27.974358974358967,Dry,3.0,15.0,Finished,True
2025,6,Miami Grand Prix,max_verstappen,VER,red_bull,Red Bull Racing,1.0,5,80.0,8.2,3.0,0.0,1.0,20,3,41.015384615384605,27.974358974358967,Dry,4.0,12.0,Finished,True
2025,6,Miami Grand Prix,albon,ALB,williams,Williams,7.0,5,80.0,11.1,8.4,0.5544986311540212,7.0,20,3,41.015384615384605,27.974358974358967,Dry,5.0,10.0,Finished,True
2025,6,Miami Grand Prix,antonelli,ANT,mercedes,Mercedes,3.0,5,100.0,5.1,6.6,0.07772261147975801,3.0,20,3,41.015384615384605,27.974358974358967,Dry,6.0,8.0,Finished,True
2025,6,Miami Grand Prix,leclerc,LEC,ferrari,Ferrari,8.0,4,80.0,8.5,7.4,0.6380214375203197,8.0,20,3,41.015384615384605,27.974358974358967,Dry,7.0,6.0,Finished,True
2025,6,Miami Grand Prix,hamilton,HAM,ferrari,Ferrari,12.0,4,80.0,8.5,9.6,0.9303512598023422,12.0,20,3,41.015384615384605,27.974358974358967,Dry,8.0,4.0,Finished,True
2025,6,Miami Grand Prix,sainz,SAI,williams,Williams,6.0,3,80.0,11.1,13.8,0.42341422671803297,6.0,20,3,41.015384615384605,27.974358974358967,Dry,9.0,2.0,Finished,True
2025,6,Miami Grand Prix,tsunoda,TSU,red_bull,Red Bull Racing,10.0,4,80.0,8.2,13.6,0.8572688042318255,10.0,20,3,41.015384615384605,27.974358974358967,Dry,10.0,1.0,Finished,True
2025,6,Miami Grand Prix,hadjar,HAD,rb,Racing Bulls,11.0,4,90.0,13.5,12.4,0.9083105192334573,11.0,20,3,41.015384615384605,27.974358974358967,Dry,11.0,0.0,Finished,True
2025,6,Miami Grand Prix,ocon,OCO,haas,Haas F1 Team,9.0,5,100.0,11.3,11.6,0.7192241659319754,9.0,20,3,41.015384615384605,27.974358974358967,Dry,12.0,0.0,Finished,True
2025,6,Miami Grand Prix,gasly,GAS,alpine,Alpine,20.0,3,70.0,14.9,14.2,1.7470186998283177,18.0,20,3,41.015384615384605,27.974358974358967,Dry,13.0,0.0,Finished,True
2025,6,Miami Grand Prix,hulkenberg,HUL,sauber,Kick Sauber,16.0,4,80.0,15.8,14.6,1.4720894622059388,16.0,20,3,41.015384615384605,27.974358974358967,Dry,14.0,0.0,Lapped,True
2025,6,Miami Grand Prix,alonso,ALO,aston_martin,Aston Martin,17.0,3,80.0,13.9,14.2,1.6240545682334906,17.0,20,3,41.015384615384605,27.974358974358967,Dry,15.0,0.0,Lapped,True
2025,6,Miami Grand Prix,stroll,STR,aston_martin,Aston Martin,18.0,5,80.0,13.9,13.6,1.886223377105467,19.0,20,3,41.015384615384605,27.974358974358967,Dry,16.0,0.0,Lapped,True
2025,6,Miami Grand Prix,lawson,LAW,rb,Racing Bulls,15.0,4,90.0,13.5,14.4,1.3444851747018705,15.0,20,3,41.015384615384605,27.974358974358967,Dry,17.0,0.0,Retired,False
2025,6,Miami Grand Prix,bortoleto,BOR,sauber,Kick Sauber,13.0,4,80.0,15.8,17.0,1.0985569115122384,13.0,20,3,41.015384615384605,27.974358974358967,Dry,18.0,0.0,Retired,False
2025,6,Miami Grand Prix,bearman,BEA,haas,Haas F1 Team,19.0,5,100.0,11.3,11.0,2.082269964270811,20.0,20,3,41.015384615384605,27.974358974358967,Dry,19.0,0.0,Retired,False
2025,6,Miami Grand Prix,doohan,DOO,alpine,Alpine,14.0,4,70.0,14.9,15.6,1.1391582757180885,14.0,20,3,41.015384615384605,27.974358974358967,Dry,20.0,0.0,Retired,False
2025,7,Emilia Romagna Grand Prix,max_verstappen,VER,red_bull,Red Bull Racing,2.0,6,83.33333333333334,7.9,3.4,0.04553368153206172,2.0,20,3,39.41636363636363,22.800909090909094,Dry,1.0,25.0,Finished,True
2025,7,Emilia Romagna Grand Prix,norris,NOR,mclaren,McLaren,4.0,6,100.0,2.0,2.6,0.3910539708048777,4.0,20,3,39.41636363636363,22.800909090909094,Dry,2.0,18.0,Finished,True
2025,7,Emilia Romagna Grand Prix,piastri,PIA,mclaren,McLaren,1.0,6,100.0,2.0,1.4,0.0,1.0,20,3,39.41636363636363,22.800909090909094,Dry,3.0,15.0,Finished,True
2025,7,Emilia Romagna Grand Prix,hamilton,HAM,ferrari,Ferrari,12.0,5,83.33333333333334,8.2,9.2,1.4664523905182802,12.0,20,3,39.41636363636363,22.800909090909094,Dry,4.0,12.0,Finished,True
2025,7,Emilia Romagna Grand Prix,albon,ALB,williams,Williams,7.0,6,83.33333333333334,10.2,8.4,1.0753984197134026,7.0,20,3,39.41636363636363,22.800909090909094,Dry,5.0,10.0,Finished,True
2025,7,Emilia Romagna Grand Prix,leclerc,LEC,ferrari,Ferrari,11.0,5,83.33333333333334,8.2,7.2,1.2508370162046312,11.0,20,3,39.41636363636363,22.800909090909094,Dry,6.0,8.0,Finished,True
2025,7,Emilia Romagna Grand Prix,russell,RUS,mercedes,Mercedes,3.0,6,100.0,5.3,3.6,0.1834739520557127,3.0,20,2,39.41636363636363,22.800909090909094,Dry,7.0,6.0,Finished,True
2025,7,Emilia Romagna Grand Prix,sainz,SAI,williams,Williams,6.0,4,83.33333333333334,10.2,12.0,0.7071112896745557,6.0,20,3,39.41636363636363,22.800909090909094,Dry,8.0,4.0,Finished,True
2025,7,Emilia Romagna Grand Prix,hadjar,HAD,rb,Racing Bulls,9.0,5,83.33333333333334,13.1,10.6,1.1249497790277285,9.0,20,3,39.41636363636363,22.800909090909094,Dry,9.0,2.0,Finished,True
2025,7,Emilia Romagna Grand Prix,tsunoda,TSU,red_bull,Red Bull Racing,20.0,5,83.33333333333334,7.9,13.2,,20.0,20,Unknown,39.41636363636363,22.800909090909094,Dry,10.0,1.0,Finished,True
2025,7,Emilia Romagna Grand Prix,alonso,ALO,aston_martin,Aston Martin,5.0,4,83.33333333333334,14.7,13.8,1.019150930762014,5.0,20,2,39.41636363636363,22.800909090909094,Dry,11.0,0.0,Finished,True
2025,7,Emilia Romagna Grand Prix,hulkenberg,HUL,sauber,Kick Sauber,17.0,5,75.0,16.7,16.0,2.4748895138609894,17.0,20,3,39.41636363636363,22.800909090909094,Dry,12.0,0.0,Finished,True
2025,7,Emilia Romagna Grand Prix,gasly,GAS,alpine,Alpine,10.0,4,66.66666666666666,15.2,14.6,1.1182536493906436,10.0,20,3,39.41636363636363,22.800909090909094,Dry,13.0,0.0,Finished,True
2025,7,Emilia Romagna Grand Prix,lawson,LAW,rb,Racing Bulls,15.0,4,83.33333333333334,13.1,14.8,2.288737109950456,16.0,20,3,39.41636363636363,22.800909090909094,Dry,14.0,0.0,Finished,True
2025,7,Emilia Romagna Grand Prix,stroll,STR,aston_martin,Aston Martin,8.0,6,83.33333333333334,14.7,15.6,1.107539841971339,8.0,20,2,39.41636363636363,22.800909090909094,Dry,15.0,0.0,Finished,True
2025,7,Emilia Romagna Grand Prix,colapinto,COL,alpine,Alpine,16.0,0,66.66666666666666,15.2,,2.124012320878532,15.0,20,3,39.41636363636363,22.800909090909094,Dry,16.0,0.0,Finished,True
2025,7,Emilia Romagna Grand Prix,bearman,BEA,haas,Haas F1 Team,19.0,5,91.66666666666666,11.7,12.0,1.8842908798714308,16.0,20,3,39.41636363636363,22.800909090909094,Dry,17.0,0.0,Finished,True
2025,7,Emilia Romagna Grand Prix,bortoleto,BOR,sauber,Kick Sauber,14.0,4,75.0,16.7,17.4,2.1293692245881957,14.0,20,3,39.41636363636363,22.800909090909094,Dry,18.0,0.0,Finished,True
2025,7,Emilia Romagna Grand Prix,antonelli,ANT,mercedes,Mercedes,13.0,6,100.0,5.3,7.0,1.4758269720101858,13.0,20,3,39.41636363636363,22.800909090909094,Dry,19.0,0.0,Retired,False
2025,7,Emilia Romagna Grand Prix,ocon,OCO,haas,Haas F1 Team,18.0,6,91.66666666666666,11.7,11.4,2.6021159769653135,18.0,20,3,39.41636363636363,22.800909090909094,Dry,20.0,0.0,Retired,False
2025,8,Monaco Grand Prix,norris,NOR,mclaren,McLaren,1.0,7,100.0,2.2,2.6,0.0,1.0,20,3,40.28709677419354,21.137634408602153,Dry,1.0,25.0,Finished,True
2025,8,Monaco Grand Prix,leclerc,LEC,ferrari,Ferrari,2.0,6,85.71428571428571,5.5,4.8,0.1558166795322835,2.0,20,3,40.28709677419354,21.137634408602153,Dry,2.0,18.0,Finished,True
2025,8,Monaco Grand Prix,piastri,PIA,mclaren,McLaren,3.0,7,100.0,2.2,1.8,0.25016439374447863,3.0,20,3,40.28709677419354,21.137634408602153,Dry,3.0,15.0,Finished,True
2025,8,Monaco Grand Prix,max_verstappen,VER,red_bull,Red Bull Racing,4.0,7,85.71428571428571,7.4,2.8,1.0221002372988064,5.0,20,3,40.28709677419354,21.137634408602153,Dry,4.0,12.0,Finished,True
2025,8,Monaco Grand Prix,hamilton,HAM,ferrari,Ferrari,7.0,6,85.71428571428571,5.5,6.2,0.611830631557897,4.0,20,3,40.28709677419354,21.137634408602153,Dry,5.0,10.0,Finished,True
2025,8,Monaco Grand Prix,hadjar,HAD,rb,Racing Bulls,5.0,6,85.71428571428571,12.7,10.2,1.3851959859336294,6.0,20,3,40.28709677419354,21.137634408602153,Dry,6.0,8.0,Lapped,True
2025,8,Monaco Grand Prix,ocon,OCO,haas,Haas F1 Team,8.0,6,85.71428571428571,14.1,14.4,1.412356691540162,8.0,20,3,40.28709677419354,21.137634408602153,Dry,7.0,6.0,Lapped,True
2025,8,Monaco Grand Prix,lawson,LAW,rb,Racing Bulls,9.0,5,85.71428571428571,12.7,15.2,1.6796752151413852,9.0,20,3,40.28709677419354,21.137634408602153,Dry,8.0,4.0,Lapped,True
2025,8,Monaco Grand Prix,albon,ALB,williams,Williams,10.0,7,85.71428571428571,9.8,8.0,1.1121594190468098,10.0,20,3,40.28709677419354,21.137634408602153,Dry,9.0,2.0,Lapped,True
2025,8,Monaco Grand Prix,sainz,SAI,williams,Williams,11.0,5,85.71428571428571,9.8,11.6,2.0127512365268663,11.0,20,2,40.28709677419354,21.137634408602153,Dry,10.0,1.0,Lapped,True
2025,8,Monaco Grand Prix,russell,RUS,mercedes,Mercedes,14.0,7,92.85714285714286,7.0,4.4,2.220030305629428,14.0,20,3,40.28709677419354,21.137634408602153,Dry,11.0,0.0,Lapped,True
2025,8,Monaco Grand Prix,bearman,BEA,haas,Haas F1 Team,20.0,6,85.71428571428571,14.1,13.8,2.8947594133287735,17.0,20,3,40.28709677419354,21.137634408602153,Dry,12.0,0.0,Lapped,True
2025,8,Monaco Grand Prix,colapinto,COL,alpine,Alpine,18.0,1,71.42857142857143,14.8,16.0,3.778197100952063,20.0,20,3,40.28709677419354,21.137634408602153,Dry,13.0,0.0,Lapped,True
2025,8,Monaco Grand Prix,bortoleto,BOR,sauber,Kick Sauber,16.0,5,78.57142857142857,16.8,18.2,2.7846870800812162,16.0,20,3,40.28709677419354,21.137634408602153,Dry,14.0,0.0,Lapped,True
2025,8,Monaco Grand Prix,stroll,STR,aston_martin,Aston Martin,19.0,7,85.71428571428571,14.7,16.8,3.729593733024572,19.0,20,3,40.28709677419354,21.137634408602153,Dry,15.0,0.0,Lapped,True
2025,8,Monaco Grand Prix,hulkenberg,HUL,sauber,Kick Sauber,13.0,6,78.57142857142857,16.8,15.4,2.347256768733752,13.0,20,3,40.28709677419354,21.137634408602153,Dry,16.0,0.0,Lapped,True
2025,8,Monaco Grand Prix,tsunoda,TSU,red_bull,Red Bull Racing,12.0,6,85.71428571428571,7.4,12.0,2.088515310060912,12.0,20,3,40.28709677419354,21.137634408602153,Dry,17.0,0.0,Lapped,True
2025,8,Monaco Grand Prix,antonelli,ANT,mercedes,Mercedes,15.0,6,92.85714285714286,7.0,9.6,2.7532378420104697,15.0,20,3,40.28709677419354,21.137634408602153,Dry,18.0,0.0,Lapped,True
2025,8,Monaco Grand Prix,alonso,ALO,aston_martin,Aston Martin,6.0,5,85.71428571428571,14.7,12.6,1.386625496755034,7.0,20,3,40.28709677419354,21.137634408602153,Dry,19.0,0.0,Retired,False
2025,8,Monaco Grand Prix,gasly,GAS,alpine,Alpine,17.0,5,71.42857142857143,14.8,13.2,2.916202075649732,18.0,20,3,40.28709677419354,21.137634408602153,Dry,20.0,0.0,Retired,False
2025,9,Spanish Grand Prix,piastri,PIA,mclaren,McLaren,1.0,8,100.0,2.1,1.8,0.0,1.0,19,3,46.82337662337662,29.136363636363637,Dry,1.0,25.0,Finished,True
2025,9,Spanish Grand Prix,norris,NOR,mclaren,McLaren,2.0,8,100.0,2.1,2.4,0.29211975512255517,2.0,19,3,46.82337662337662,29.136363636363637,Dry,2.0,18.0,Finished,True
2025,9,Spanish Grand Prix,leclerc,LEC,ferrari,Ferrari,7.0,7,87.5,5.1,4.4,0.8176557739076884,7.0,19,3,46.82337662337662,29.136363636363637,Dry,3.0,15.0,Finished,True
2025,9,Spanish Grand Prix,russell,RUS,mercedes,Mercedes,4.0,8,93.75,8.8,5.6,0.4221060576412361,4.0,19,3,46.82337662337662,29.136363636363637,Dry,4.0,12.0,Finished,True
2025,9,Spanish Grand Prix,hulkenberg,HUL,sauber,Kick Sauber,15.0,7,81.25,16.3,15.4,2.297822380007264,16.0,19,3,46.82337662337662,29.136363636363637,Dry,5.0,10.0,Finished,True
2025,9,Spanish Grand Prix,hamilton,HAM,ferrari,Ferrari,5.0,7,87.5,5.1,5.8,0.6974533866323629,5.0,19,3,46.82337662337662,29.136363636363637,Dry,6.0,8.0,Finished,True
2025,9,Spanish Grand Prix,hadjar,HAD,rb,Racing Bulls,9.0,7,87.5,11.6,9.8,0.9867777373997022,9.0,19,3,46.82337662337662,29.136363636363637,Dry,7.0,6.0,Finished,True
2025,9,Spanish Grand Prix,gasly,GAS,alpine,Alpine,8.0,5,68.75,15.3,14.6,0.9126995219858491,8.0,19,3,46.82337662337662,29.136363636363637,Dry,8.0,4.0,Finished,True
2025,9,Spanish Grand Prix,alonso,ALO,aston_martin,Aston Martin,10.0,5,81.25,15.0,14.2,1.0315042070835556,10.0,19,3,46.82337662337662,29.136363636363637,Dry,9.0,2.0,Finished,True
2025,9,Spanish Grand Prix,max_verstappen,VER,red_bull,Red Bull Racing,3.0,8,87.5,8.2,3.4,0.4221060576412361,3.0,19,3,46.82337662337662,29.136363636363637,Dry,10.0,1.0,Finished,True
2025,9,Spanish Grand Prix,lawson,LAW,rb,Racing Bulls,13.0,6,87.5,11.6,13.4,1.7010035501635379,13.0,19,3,46.82337662337662,29.136363636363637,Dry,11.0,0.0,Finished,True
2025,9,Spanish Grand Prix,bortoleto,BOR,sauber,Kick Sauber,12.0,6,81.25,16.3,17.2,1.6912196349201825,12.0,19,3,46.82337662337662,29.136363636363637,Dry,12.0,0.0,Finished,True
2025,9,Spanish Grand Prix,tsunoda,TSU,red_bull,Red Bull Racing,19.0,7,87.5,8.2,13.0,2.570374304643175,20.0,19,3,46.82337662337662,29.136363636363637,Dry,13.0,0.0,Finished,True
2025,9,Spanish Grand Prix,sainz,SAI,williams,Williams,17.0,6,87.5,9.4,10.8,2.3159925083163335,18.0,19,3,46.82337662337662,29.136363636363637,Dry,14.0,0.0,Finished,True
2025,9,Spanish Grand Prix,colapinto,COL,alpine,Alpine,18.0,2,68.75,15.3,14.5,2.4990914935845376,19.0,19,3,46.82337662337662,29.136363636363637,Dry,15.0,0.0,Finished,True
2025,9,Spanish Grand Prix,ocon,OCO,haas,Haas F1 Team,16.0,7,87.5,13.2,12.2,2.3131971039610733,17.0,19,3,46.82337662337662,29.136363636363637,Dry,16.0,0.0,Finished,True
2025,9,Spanish Grand Prix,bearman,BEA,haas,Haas F1 Team,14.0,7,87.5,13.2,14.2,2.1356889274033453,15.0,19,3,46.82337662337662,29.136363636363637,Dry,17.0,0.0,Finished,True
2025,9,Spanish Grand Prix,antonelli,ANT,mercedes,Mercedes,6.0,7,93.75,8.8,12.0,0.7897017303552856,6.0,19,3,46.82337662337662,29.136363636363637,Dry,18.0,0.0,Retired,False
2025,9,Spanish Grand Prix,albon,ALB,williams,Williams,11.0,8,87.5,9.4,8.0,1.5304838844938828,11.0,19,3,46.82337662337662,29.136363636363637,Dry,19.0,0.0,Retired,False
2025,10,Canadian Grand Prix,russell,RUS,mercedes,Mercedes,1.0,9,88.88888888888889,9.7,6.0,0.0,1.0,20,2,43.145882352941186,21.3,Dry,1.0,25.0,Finished,True
2025,10,Canadian Grand Prix,max_verstappen,VER,red_bull,Red Bull Racing,2.0,9,88.88888888888889,9.0,4.2,0.22567314066488375,2.0,20,2,43.145882352941186,21.3,Dry,2.0,18.0,Finished,True
2025,10,Canadian Grand Prix,antonelli,ANT,mercedes,Mercedes,4.0,7,88.88888888888889,9.7,13.4,0.6939449075445525,4.0,20,2,43.145882352941186,21.3,Dry,3.0,15.0,Finished,True
2025,10,Canadian Grand Prix,piastri,PIA,mclaren,McLaren,3.0,9,100.0,2.0,1.8,0.311711025543393,3.0,20,3,43.145882352941186,21.3,Dry,4.0,12.0,Finished,True
2025,10,Canadian Grand Prix,leclerc,LEC,ferrari,Ferrari,8.0,8,88.88888888888889,5.1,4.2,1.025402332896097,8.0,20,3,43.145882352941186,21.3,Dry,5.0,10.0,Finished,True
2025,10,Canadian Grand Prix,hamilton,HAM,ferrari,Ferrari,5.0,8,88.88888888888889,5.1,6.0,0.8843566199805197,5.0,20,3,43.145882352941186,21.3,Dry,6.0,8.0,Finished,True
2025,10,Canadian Grand Prix,alonso,ALO,aston_martin,Aston Martin,6.0,6,82.35294117647058,13.6,13.0,0.9689840477298706,6.0,20,2,43.145882352941186,21.3,Dry,7.0,6.0,Finished,True
2025,10,Canadian Grand Prix,hulkenberg,HUL,sauber,Kick Sauber,11.0,8,83.33333333333334,14.2,12.4,1.8110269538357482,13.0,20,3,43.145882352941186,21.3,Dry,8.0,4.0,Finished,True
2025,10,Canadian Grand Prix,ocon,OCO,haas,Haas F1 Team,14.0,8,88.88888888888889,14.7,13.8,2.0860660940210662,15.0,20,3,43.145882352941186,21.3,Dry,9.0,2.0,Lapped,True
2025,10,Canadian Grand Prix,sainz,SAI,williams,Williams,16.0,7,83.33333333333334,9.6,9.8,2.1142752366041684,17.0,20,3,43.145882352941186,21.3,Dry,10.0,1.0,Lapped,True
2025,10,Canadian Grand Prix,bearman,BEA,haas,Haas F1 Team,13.0,8,88.88888888888889,14.7,15.6,1.9845131807218586,14.0,20,3,43.145882352941186,21.3,Dry,11.0,0.0,Lapped,True
2025,10,Canadian Grand Prix,tsunoda,TSU,red_bull,Red Bull Racing,18.0,8,88.88888888888889,9.0,13.8,1.6967799263741368,11.0,20,3,43.145882352941186,21.3,Dry,12.0,0.0,Lapped,True
2025,10,Canadian Grand Prix,colapinto,COL,alpine,Alpine,10.0,3,72.22222222222221,15.5,14.666666666666666,1.7531982115403633,12.0,20,2,43.145882352941186,21.3,Dry,13.0,0.0,Lapped,True
2025,10,Canadian Grand Prix,bortoleto,BOR,sauber,Kick Sauber,15.0,7,83.33333333333334,14.2,16.0,2.0959392939251753,16.0,20,3,43.145882352941186,21.3,Dry,14.0,0.0,Lapped,True
2025,10,Canadian Grand Prix,gasly,GAS,alpine,Alpine,20.0,6,72.22222222222221,15.5,14.8,2.493688204347033,20.0,20,3,43.145882352941186,21.3,Dry,15.0,0.0,Lapped,True
2025,10,Canadian Grand Prix,hadjar,HAD,rb,Racing Bulls,12.0,8,88.88888888888889,10.5,8.6,1.3653225010225922,9.0,20,3,43.145882352941186,21.3,Dry,16.0,0.0,Lapped,True
2025,10,Canadian Grand Prix,stroll,STR,aston_martin,Aston Martin,17.0,8,82.35294117647058,13.6,15.8,2.2821196349736894,18.0,20,3,43.145882352941186,21.3,Dry,17.0,0.0,Lapped,True
2025,10,Canadian Grand Prix,norris,NOR,mclaren,McLaren,7.0,9,100.0,2.0,2.2,0.9873199904088859,7.0,20,3,43.145882352941186,21.3,Dry,18.0,0.0,Retired,False
2025,10,Canadian Grand Prix,lawson,LAW,rb,Racing Bulls,19.0,7,88.88888888888889,10.5,12.4,2.293403292006957,19.0,20,3,43.145882352941186,21.3,Dry,19.0,0.0,Retired,False
2025,10,Canadian Grand Prix,albon,ALB,williams,Williams,9.0,8,83.33333333333334,9.6,9.4,1.4005839292514644,10.0,20,2,43.145882352941186,21.3,Dry,20.0,0.0,Retired,False
2025,11,Austrian Grand Prix,norris,NOR,mclaren,McLaren,1.0,9,95.0,3.7,5.0,0.0,1.0,20,3,47.19659090909091,27.77386363636364,Dry,1.0,25.0,Finished,True
2025,11,Austrian Grand Prix,piastri,PIA,mclaren,McLaren,3.0,10,95.0,3.7,2.4,0.9113504556752305,3.0,20,3,47.19659090909091,27.77386363636364,Dry,2.0,18.0,Finished,True
2025,11,Austrian Grand Prix,leclerc,LEC,ferrari,Ferrari,2.0,9,90.0,5.2,4.6,0.8144315392912604,2.0,20,3,47.19659090909091,27.77386363636364,Dry,3.0,15.0,Finished,True
2025,11,Austrian Grand Prix,hamilton,HAM,ferrari,Ferrari,4.0,9,90.0,5.2,5.8,0.9551202888808952,4.0,20,3,47.19659090909091,27.77386363636364,Dry,4.0,12.0,Finished,True
2025,11,Austrian Grand Prix,russell,RUS,mercedes,Mercedes,5.0,10,90.0,9.0,5.2,1.2380609963890121,5.0,20,3,47.19659090909091,27.77386363636364,Dry,5.0,10.0,Finished,True
2025,11,Austrian Grand Prix,lawson,LAW,rb,Racing Bulls,6.0,7,85.0,11.8,13.8,1.4928639539791622,6.0,20,3,47.19659090909091,27.77386363636364,Dry,6.0,8.0,Finished,True
2025,11,Austrian Grand Prix,alonso,ALO,aston_martin,Aston Martin,11.0,7,84.21052631578947,13.3,12.2,1.8086320363914998,11.0,20,3,47.19659090909091,27.77386363636364,Dry,7.0,6.0,Lapped,True
2025,11,Austrian Grand Prix,bortoleto,BOR,sauber,Kick Sauber,8.0,8,85.0,13.1,15.2,1.3678072876772474,8.0,20,3,47.19659090909091,27.77386363636364,Dry,8.0,4.0,Lapped,True
2025,11,Austrian Grand Prix,hulkenberg,HUL,sauber,Kick Sauber,20.0,9,85.0,13.1,11.0,2.555845617545449,20.0,20,3,47.19659090909091,27.77386363636364,Dry,9.0,2.0,Lapped,True
2025,11,Austrian Grand Prix,ocon,OCO,haas,Haas F1 Team,17.0,9,90.0,14.0,12.8,2.177549201982165,17.0,20,3,47.19659090909091,27.77386363636364,Dry,10.0,1.0,Lapped,True
2025,11,Austrian Grand Prix,bearman,BEA,haas,Haas F1 Team,15.0,9,90.0,14.0,15.2,1.9493207859811568,15.0,20,3,47.19659090909091,27.77386363636364,Dry,11.0,0.0,Lapped,True
2025,11,Austrian Grand Prix,hadjar,HAD,rb,Racing Bulls,13.0,9,85.0,11.8,9.8,1.707023495021187,13.0,20,Unknown,47.19659090909091,27.77386363636364,Dry,12.0,0.0,Lapped,True
2025,11,Austrian Grand Prix,gasly,GAS,alpine,Alpine,10.0,7,75.0,14.6,13.8,1.3678072876772474,10.0,20,3,47.19659090909091,27.77386363636364,Dry,13.0,0.0,Lapped,True
2025,11,Austrian Grand Prix,stroll,STR,aston_martin,Aston Martin,16.0,9,84.21052631578947,13.3,15.8,2.1228369104750566,16.0,20,3,47.19659090909091,27.77386363636364,Dry,14.0,0.0,Lapped,True
2025,11,Austrian Grand Prix,colapinto,COL,alpine,Alpine,14.0,4,75.0,14.6,14.25,2.0431132857076095,14.0,20,3,47.19659090909091,27.77386363636364,Dry,15.0,0.0,Lapped,True
2025,11,Austrian Grand Prix,tsunoda,TSU,red_bull,Red Bull Racing,18.0,9,90.0,8.3,12.4,2.185365243626025,18.0,20,3,47.19659090909091,27.77386363636364,Dry,16.0,0.0,Lapped,True
2025,11,Austrian Grand Prix,albon,ALB,williams,Williams,12.0,8,80.0,10.9,11.6,1.832080161323102,12.0,20,Unknown,47.19659090909091,27.77386363636364,Dry,17.0,0.0,Retired,False
2025,11,Austrian Grand Prix,max_verstappen,VER,red_bull,Red Bull Racing,7.0,10,90.0,8.3,4.2,1.352175204389483,7.0,20,3,47.19659090909091,27.77386363636364,Dry,18.0,0.0,Retired,False
2025,11,Austrian Grand Prix,antonelli,ANT,mercedes,Mercedes,9.0,8,90.0,9.0,12.8,1.6898282034046863,9.0,20,3,47.19659090909091,27.77386363636364,Dry,19.0,0.0,Retired,False
2025,11,Austrian Grand Prix,sainz,SAI,williams,Williams,19.0,8,80.0,10.9,10.2,2.5183286176548636,19.0,20,3,47.19659090909091,27.77386363636364,Dry,20.0,0.0,Did not start,False
2025,12,British Grand Prix,norris,NOR,mclaren,McLaren,3.0,10,95.45454545454545,3.7,4.8,0.13900014135608263,3.0,20,3,27.432183908045985,20.196551724137933,Dry,1.0,25.0,Finished,True
2025,12,British Grand Prix,piastri,PIA,mclaren,McLaren,2.0,11,95.45454545454545,3.7,2.6,0.12133063186166027,2.0,20,3,27.432183908045985,20.196551724137933,Dry,2.0,18.0,Finished,True
2025,12,British Grand Prix,hulkenberg,HUL,sauber,Kick Sauber,19.0,10,86.36363636363636,11.6,10.0,1.9813409979738905,19.0,20,3,27.432183908045985,20.196551724137933,Dry,3.0,15.0,Finished,True
2025,12,British Grand Prix,hamilton,HAM,ferrari,Ferrari,5.0,10,90.9090909090909,4.4,5.0,0.2261697215285352,5.0,20,3,27.432183908045985,20.196551724137933,Dry,4.0,12.0,Finished,True
2025,12,British Grand Prix,max_verstappen,VER,red_bull,Red Bull Racing,1.0,10,86.36363636363636,10.3,7.0,0.0,1.0,20,3,27.432183908045985,20.196551724137933,Dry,5.0,10.0,Finished,True
2025,12,British Grand Prix,gasly,GAS,alpine,Alpine,8.0,8,77.27272727272727,14.1,13.8,0.9647552183951413,10.0,20,3,27.432183908045985,20.196551724137933,Dry,6.0,8.0,Finished,True
2025,12,British Grand Prix,stroll,STR,aston_martin,Aston Martin,17.0,10,85.71428571428571,12.3,15.4,1.898883286999964,18.0,20,3,27.432183908045985,20.196551724137933,Dry,7.0,6.0,Finished,True
2025,12,British Grand Prix,albon,ALB,williams,Williams,13.0,8,76.19047619047619,13.2,14.0,1.174433397728869,14.0,20,3,27.432183908045985,20.196551724137933,Dry,8.0,4.0,Finished,True
2025,12,British Grand Prix,alonso,ALO,aston_martin,Aston Martin,7.0,8,85.71428571428571,12.3,10.6,0.8257550770390809,9.0,20,3,27.432183908045985,20.196551724137933,Dry,9.0,2.0,Finished,True
2025,12,British Grand Prix,russell,RUS,mercedes,Mercedes,4.0,11,86.36363636363636,10.5,5.6,0.16138152004900874,4.0,20,3,27.432183908045985,20.196551724137933,Dry,10.0,1.0,Finished,True
2025,12,British Grand Prix,bearman,BEA,haas,Haas F1 Team,18.0,10,90.9090909090909,13.0,13.6,0.6820430664844945,8.0,20,3,27.432183908045985,20.196551724137933,Dry,11.0,0.0,Finished,True
2025,12,British Grand Prix,sainz,SAI,williams,Williams,9.0,8,76.19047619047619,13.2,12.4,1.0059840738821046,11.0,20,3,27.432183908045985,20.196551724137933,Dry,12.0,0.0,Finished,True
2025,12,British Grand Prix,ocon,OCO,haas,Haas F1 Team,14.0,10,90.9090909090909,13.0,12.4,1.2462894030061733,15.0,20,3,27.432183908045985,20.196551724137933,Dry,13.0,0.0,Finished,True
2025,12,British Grand Prix,leclerc,LEC,ferrari,Ferrari,6.0,10,90.9090909090909,4.4,3.8,0.2697545116147504,6.0,20,3,27.432183908045985,20.196551724137933,Dry,14.0,0.0,Finished,True
2025,12,British Grand Prix,tsunoda,TSU,red_bull,Red Bull Racing,11.0,10,86.36363636363636,10.3,13.6,1.100221457852335,12.0,20,3,27.432183908045985,20.196551724137933,Dry,15.0,0.0,Lapped,True
2025,12,British Grand Prix,antonelli,ANT,mercedes,Mercedes,10.0,8,86.36363636363636,10.5,15.4,0.5677802384205899,7.0,20,3,27.432183908045985,20.196551724137933,Dry,16.0,0.0,Retired,False
2025,12,British Grand Prix,hadjar,HAD,rb,Racing Bulls,12.0,10,86.36363636363636,10.8,10.0,1.1449842152381873,13.0,20,3,27.432183908045985,20.196551724137933,Dry,17.0,0.0,Retired,False
2025,12,British Grand Prix,bortoleto,BOR,sauber,Kick Sauber,16.0,9,86.36363636363636,11.6,13.2,1.8305611836215485,17.0,20,3,27.432183908045985,20.196551724137933,Dry,18.0,0.0,Retired,False
2025,12,British Grand Prix,lawson,LAW,rb,Racing Bulls,15.0,8,86.36363636363636,10.8,11.6,1.8234933798237707,16.0,20,3,27.432183908045985,20.196551724137933,Dry,19.0,0.0,Retired,False
2025,12,British Grand Prix,colapinto,COL,alpine,Alpine,20.0,5,77.27272727272727,14.1,14.4,2.5538331055930064,20.0,20,3,27.432183908045985,20.196551724137933,Dry,20.0,0.0,Did not start,False
2025,13,Belgian Grand Prix,piastri,PIA,mclaren,McLaren,2.0,12,95.83333333333334,3.5,2.4,0.06364233010480724,2.0,20,3,37.72658227848101,22.645569620253166,Dry,1.0,25.0,Finished,True
2025,13,Belgian Grand Prix,norris,NOR,mclaren,McLaren,1.0,11,95.83333333333334,3.5,4.6,0.0,1.0,20,3,37.72658227848101,22.645569620253166,Dry,2.0,18.0,Finished,True
2025,13,Belgian Grand Prix,leclerc,LEC,ferrari,Ferrari,3.0,11,91.66666666666666,5.2,5.4,0.3361110558660396,3.0,20,3,37.72658227848101,22.645569620253166,Dry,3.0,15.0,Finished,True
2025,13,Belgian Grand Prix,max_verstappen,VER,red_bull,Red Bull Racing,4.0,11,87.5,11.2,7.8,0.33909429008971426,4.0,20,3,37.72658227848101,22.645569620253166,Dry,4.0,12.0,Finished,True
2025,13,Belgian Grand Prix,russell,RUS,mercedes,Mercedes,6.0,12,83.33333333333334,10.5,6.2,0.68813269425827,6.0,20,3,37.72658227848101,22.645569620253166,Dry,5.0,10.0,Finished,True
2025,13,Belgian Grand Prix,albon,ALB,williams,Williams,5.0,9,78.26086956521739,13.9,14.6,0.6354288896402105,5.0,20,3,37.72658227848101,22.645569620253166,Dry,6.0,8.0,Finished,True
2025,13,Belgian Grand Prix,hamilton,HAM,ferrari,Ferrari,18.0,11,91.66666666666666,5.2,5.0,1.0958413714922122,16.0,20,3,37.72658227848101,22.645569620253166,Dry,7.0,6.0,Finished,True
2025,13,Belgian Grand Prix,lawson,LAW,rb,Racing Bulls,9.0,8,79.16666666666666,12.1,12.6,0.7308923847974436,9.0,20,3,37.72658227848101,22.645569620253166,Dry,8.0,4.0,Finished,True
2025,13,Belgian Grand Prix,bortoleto,BOR,sauber,Kick Sauber,10.0,9,83.33333333333334,10.7,13.2,0.7696744297050584,10.0,20,3,37.72658227848101,22.645569620253166,Dry,9.0,2.0,Finished,True
2025,13,Belgian Grand Prix,gasly,GAS,alpine,Alpine,13.0,9,78.26086956521739,13.8,12.4,1.0650146178476927,13.0,20,3,37.72658227848101,22.645569620253166,Dry,10.0,1.0,Finished,True
2025,13,Belgian Grand Prix,bearman,BEA,haas,Haas F1 Team,12.0,11,91.66666666666666,11.7,12.4,1.049104035321502,12.0,20,3,37.72658227848101,22.645569620253166,Dry,11.0,0.0,Finished,True
2025,13,Belgian Grand Prix,hulkenberg,HUL,sauber,Kick Sauber,14.0,11,83.33333333333334,10.7,8.2,1.1386010620313858,14.0,20,3,37.72658227848101,22.645569620253166,Dry,12.0,0.0,Finished,True
2025,13,Belgian Grand Prix,tsunoda,TSU,red_bull,Red Bull Racing,7.0,11,87.5,11.2,14.6,0.6791829915872905,7.0,20,3,37.72658227848101,22.645569620253166,Dry,13.0,0.0,Finished,True
2025,13,Belgian Grand Prix,stroll,STR,aston_martin,Aston Martin,16.0,11,86.95652173913044,11.3,13.6,1.9291581313020778,20.0,20,3,37.72658227848101,22.645569620253166,Dry,14.0,0.0,Finished,True
2025,13,Belgian Grand Prix,ocon,OCO,haas,Haas F1 Team,11.0,11,91.66666666666666,11.7,11.0,0.9576181857958277,11.0,20,3,37.72658227848101,22.645569620253166,Dry,15.0,0.0,Finished,True
2025,13,Belgian Grand Prix,antonelli,ANT,mercedes,Mercedes,19.0,8,83.33333333333334,10.5,14.8,1.5681867902388458,18.0,20,3,37.72658227848101,22.645569620253166,Dry,16.0,0.0,Finished,True
2025,13,Belgian Grand Prix,alonso,ALO,aston_martin,Aston Martin,20.0,9,86.95652173913044,11.3,10.2,1.8128119965792333,19.0,20,3,37.72658227848101,22.645569620253166,Dry,17.0,0.0,Finished,True
2025,13,Belgian Grand Prix,sainz,SAI,williams,Williams,17.0,9,78.26086956521739,13.9,13.2,1.122690479505195,15.0,20,3,37.72658227848101,22.645569620253166,Dry,18.0,0.0,Finished,True
2025,13,Belgian Grand Prix,colapinto,COL,alpine,Alpine,15.0,5,78.26086956521739,13.8,15.2,1.4518406555160013,17.0,20,3,37.72658227848101,22.645569620253166,Dry,19.0,0.0,Finished,True
2025,13,Belgian Grand Prix,hadjar,HAD,rb,Racing Bulls,8.0,10,79.16666666666666,12.1,11.6,0.7149818022712529,8.0,20,3,37.72658227848101,22.645569620253166,Dry,20.0,0.0,Lapped,True
2025,14,Hungarian Grand Prix,norris,NOR,mclaren,McLaren,3.0,12,96.15384615384616,3.4,4.8,0.0,3.0,20,3,42.53333333333334,28.14880952380953,Dry,1.0,25.0,Finished,True
2025,14,Hungarian Grand Prix,piastri,PIA,mclaren,McLaren,2.0,13,96.15384615384616,3.4,2.0,0.06809987982374643,2.0,20,3,42.53333333333334,28.14880952380953,Dry,2.0,18.0,Finished,True
2025,14,Hungarian Grand Prix,russell,RUS,mercedes,Mercedes,4.0,13,84.61538461538461,9.7,5.0,0.4152757377486882,4.0,20,3,42.53333333333334,28.14880952380953,Dry,3.0,15.0,Finished,True
2025,14,Hungarian Grand Prix,leclerc,LEC,ferrari,Ferrari,1.0,12,92.3076923076923,5.5,5.6,0.6436106289224197,1.0,20,3,42.53333333333334,28.14880952380953,Dry,4.0,12.0,Finished,True
2025,14,Hungarian Grand Prix,alonso,ALO,aston_martin,Aston Martin,5.0,10,88.0,11.0,9.8,0.5220990786486857,5.0,20,3,42.53333333333334,28.14880952380953,Dry,5.0,10.0,Finished,True
2025,14,Hungarian Grand Prix,bortoleto,BOR,sauber,Kick Sauber,7.0,10,84.61538461538461,9.8,12.2,0.9293630658298913,7.0,20,3,42.53333333333334,28.14880952380953,Dry,6.0,8.0,Finished,True
2025,14,Hungarian Grand Prix,stroll,STR,aston_martin,Aston Martin,6.0,12,88.0,11.0,13.4,0.31913473093871936,6.0,20,3,42.53333333333334,28.14880952380953,Dry,7.0,6.0,Finished,True
2025,14,Hungarian Grand Prix,lawson,LAW,rb,Racing Bulls,9.0,9,80.76923076923077,13.5,12.6,0.9881159033248599,9.0,20,3,42.53333333333334,28.14880952380953,Dry,8.0,4.0,Finished,True
2025,14,Hungarian Grand Prix,max_verstappen,VER,red_bull,Red Bull Racing,8.0,12,88.46153846153845,10.8,7.8,0.8772866871411322,8.0,20,3,42.53333333333334,28.14880952380953,Dry,9.0,2.0,Finished,True
2025,14,Hungarian Grand Prix,antonelli,ANT,mercedes,Mercedes,15.0,9,84.61538461538461,9.7,14.4,1.072239284283616,15.0,20,3,42.53333333333334,28.14880952380953,Dry,10.0,1.0,Lapped,True
2025,14,Hungarian Grand Prix,hadjar,HAD,rb,Racing Bulls,10.0,11,80.76923076923077,13.5,14.4,0.7731339297636364,10.0,20,3,42.53333333333334,28.14880952380953,Dry,11.0,0.0,Lapped,True
2025,14,Hungarian Grand Prix,hamilton,HAM,ferrari,Ferrari,12.0,12,92.3076923076923,5.5,5.4,1.084256910134851,12.0,20,3,42.53333333333334,28.14880952380953,Dry,12.0,0.0,Lapped,True
2025,14,Hungarian Grand Prix,hulkenberg,HUL,sauber,Kick Sauber,18.0,12,84.61538461538461,9.8,7.4,1.5903324876485492,19.0,20,3,42.53333333333334,28.14880952380953,Dry,13.0,0.0,Lapped,True
2025,14,Hungarian Grand Prix,sainz,SAI,williams,Williams,13.0,10,80.0,14.4,14.8,1.0174923220723775,13.0,20,3,42.53333333333334,28.14880952380953,Dry,14.0,0.0,Lapped,True
2025,14,Hungarian Grand Prix,albon,ALB,williams,Williams,19.0,10,80.0,14.4,14.0,1.7799439177460297,20.0,20,3,42.53333333333334,28.14880952380953,Dry,15.0,0.0,Lapped,True
2025,14,Hungarian Grand Prix,ocon,OCO,haas,Haas F1 Team,17.0,12,92.3076923076923,12.4,12.6,1.5128855654960471,18.0,20,3,42.53333333333334,28.14880952380953,Dry,16.0,0.0,Lapped,True
2025,14,Hungarian Grand Prix,tsunoda,TSU,red_bull,Red Bull Racing,20.0,12,88.46153846153845,10.8,13.8,1.347309387101081,16.0,20,3,42.53333333333334,28.14880952380953,Dry,17.0,0.0,Lapped,True
2025,14,Hungarian Grand Prix,colapinto,COL,alpine,Alpine,14.0,6,80.0,13.4,16.4,1.315262384831084,14.0,20,3,42.53333333333334,28.14880952380953,Dry,18.0,0.0,Lapped,True
2025,14,Hungarian Grand Prix,gasly,GAS,alpine,Alpine,16.0,10,80.0,13.4,10.4,1.436773935104818,17.0,20,3,42.53333333333334,28.14880952380953,Dry,19.0,0.0,Lapped,True
2025,14,Hungarian Grand Prix,bearman,BEA,haas,Haas F1 Team,11.0,12,92.3076923076923,12.4,12.2,1.0735745760448667,11.0,20,3,42.53333333333334,28.14880952380953,Dry,20.0,0.0,Retired,False
2025,15,Dutch Grand Prix,piastri,PIA,mclaren,McLaren,1.0,14,96.42857142857143,3.4,2.2,0.0,1.0,20,3,34.228205128205126,20.594871794871793,Dry,1.0,25.0,Finished,True
2025,15,Dutch Grand Prix,max_verstappen,VER,red_bull,Red Bull Racing,3.0,13,89.28571428571429,11.1,7.6,0.383035740293014,3.0,20,3,34.228205128205126,20.594871794871793,Dry,2.0,18.0,Finished,True
2025,15,Dutch Grand Prix,hadjar,HAD,rb,Racing Bulls,4.0,12,82.14285714285714,13.6,15.2,0.7951996737642242,4.0,20,3,34.228205128205126,20.594871794871793,Dry,3.0,15.0,Finished,True
2025,15,Dutch Grand Prix,russell,RUS,mercedes,Mercedes,5.0,14,85.71428571428571,8.8,4.8,0.8636509277329285,5.0,20,3,34.228205128205126,20.594871794871793,Dry,4.0,12.0,Finished,True
2025,15,Dutch Grand Prix,albon,ALB,williams,Williams,15.0,11,81.48148148148148,14.0,13.2,1.4418455623197657,15.0,20,3,34.228205128205126,20.594871794871793,Dry,5.0,10.0,Finished,True
2025,15,Dutch Grand Prix,bearman,BEA,haas,Haas F1 Team,20.0,12,89.28571428571429,12.7,12.8,2.33025545425416,19.0,20,3,34.228205128205126,20.594871794871793,Dry,6.0,8.0,Finished,True
2025,15,Dutch Grand Prix,stroll,STR,aston_martin,Aston Martin,19.0,13,88.88888888888889,10.4,11.8,34.05668346392472,20.0,20,3,34.228205128205126,20.594871794871793,Dry,7.0,6.0,Finished,True
2025,15,Dutch Grand Prix,alonso,ALO,aston_martin,Aston Martin,10.0,11,88.88888888888889,10.4,9.0,1.025312399871825,10.0,20,3,34.228205128205126,20.594871794871793,Dry,8.0,4.0,Finished,True
2025,15,Dutch Grand Prix,tsunoda,TSU,red_bull,Red Bull Racing,12.0,13,89.28571428571429,11.1,14.6,1.3981532725525048,12.0,20,3,34.228205128205126,20.594871794871793,Dry,9.0,2.0,Finished,True
2025,15,Dutch Grand Prix,ocon,OCO,haas,Haas F1 Team,18.0,13,89.28571428571429,12.7,12.6,2.2355888264250945,18.0,20,3,34.228205128205126,20.594871794871793,Dry,10.0,1.0,Finished,True
2025,15,Dutch Grand Prix,colapinto,COL,alpine,Alpine,16.0,7,81.48148148148148,14.8,17.0,2.100142728146559,16.0,20,3,34.228205128205126,20.594871794871793,Dry,11.0,0.0,Finished,True
2025,15,Dutch Grand Prix,lawson,LAW,rb,Racing Bulls,8.0,10,82.14285714285714,13.6,12.0,1.0500713640732684,8.0,20,3,34.228205128205126,20.594871794871793,Dry,12.0,0.0,Finished,True
2025,15,Dutch Grand Prix,sainz,SAI,williams,Williams,9.0,11,81.48148148148148,14.0,14.8,1.1796918237161558,9.0,20,3,34.228205128205126,20.594871794871793,Dry,13.0,0.0,Finished,True
2025,15,Dutch Grand Prix,hulkenberg,HUL,sauber,Kick Sauber,17.0,13,85.71428571428571,10.0,9.0,2.2326760071072593,17.0,20,3,34.228205128205126,20.594871794871793,Dry,14.0,0.0,Finished,True
2025,15,Dutch Grand Prix,bortoleto,BOR,sauber,Kick Sauber,13.0,11,85.71428571428571,10.0,11.0,1.3981532725525048,13.0,20,3,34.228205128205126,20.594871794871793,Dry,15.0,0.0,Finished,True
2025,15,Dutch Grand Prix,antonelli,ANT,mercedes,Mercedes,11.0,10,85.71428571428571,8.8,12.8,1.2102764265532473,11.0,20,3,34.228205128205126,20.594871794871793,Dry,16.0,0.0,Finished,True
2025,15,Dutch Grand Prix,gasly,GAS,alpine,Alpine,14.0,11,81.48148148148148,14.8,12.6,1.4199994174361352,14.0,20,3,34.228205128205126,20.594871794871793,Dry,17.0,0.0,Finished,True
2025,15,Dutch Grand Prix,norris,NOR,mclaren,McLaren,2.0,13,96.42857142857143,3.4,4.6,0.017476915906899926,2.0,20,3,34.228205128205126,20.594871794871793,Dry,18.0,0.0,Retired,False
2025,15,Dutch Grand Prix,leclerc,LEC,ferrari,Ferrari,6.0,13,92.85714285714286,6.2,5.8,0.9350150010194902,6.0,20,3,34.228205128205126,20.594871794871793,Dry,19.0,0.0,Retired,False
2025,15,Dutch Grand Prix,hamilton,HAM,ferrari,Ferrari,7.0,13,92.85714285714286,6.2,6.6,0.8723893856863896,7.0,20,3,34.228205128205126,20.594871794871793,Dry,20.0,0.0,Retired,False
2025,16,Italian Grand Prix,max_verstappen,VER,red_bull,Red Bull Racing,1.0,14,90.0,10.8,7.6,0.0,1.0,20,3,42.77820512820513,26.60641025641026,Dry,1.0,25.0,Finished,True
2025,16,Italian Grand Prix,norris,NOR,mclaren,McLaren,2.0,13,93.33333333333333,3.1,4.6,0.09772565742713901,2.0,20,3,42.77820512820513,26.60641025641026,Dry,2.0,18.0,Finished,True
2025,16,Italian Grand Prix,piastri,PIA,mclaren,McLaren,3.0,15,93.33333333333333,3.1,1.6,0.2411412326124518,3.0,20,3,42.77820512820513,26.60641025641026,Dry,3.0,15.0,Finished,True
2025,16,Italian Grand Prix,leclerc,LEC,ferrari,Ferrari,4.0,13,86.66666666666667,9.0,8.6,0.27287034216672,4.0,20,3,42.77820512820513,26.60641025641026,Dry,4.0,12.0,Finished,True
2025,16,Italian Grand Prix,russell,RUS,mercedes,Mercedes,5.0,15,86.66666666666667,10.4,5.4,0.46324499949232933,6.0,20,3,42.77820512820513,26.60641025641026,Dry,5.0,10.0,Finished,True
2025,16,Italian Grand Prix,hamilton,HAM,ferrari,Ferrari,10.0,13,86.66666666666667,9.0,9.4,0.4213625748807015,5.0,20,3,42.77820512820513,26.60641025641026,Dry,6.0,8.0,Finished,True
2025,16,Italian Grand Prix,albon,ALB,williams,Williams,14.0,12,82.75862068965517,12.8,10.2,1.0039090262970785,14.0,20,3,42.77820512820513,26.60641025641026,Dry,7.0,6.0,Finished,True
2025,16,Italian Grand Prix,bortoleto,BOR,sauber,Kick Sauber,7.0,12,86.66666666666667,10.7,11.2,0.6739262869326801,8.0,20,3,42.77820512820513,26.60641025641026,Dry,8.0,4.0,Finished,True
2025,16,Italian Grand Prix,antonelli,ANT,mercedes,Mercedes,6.0,11,86.66666666666667,10.4,15.4,0.5178190679256733,7.0,20,3,42.77820512820513,26.60641025641026,Dry,9.0,2.0,Finished,True
2025,16,Italian Grand Prix,hadjar,HAD,rb,Racing Bulls,19.0,13,83.33333333333334,11.6,12.6,1.4278099299421365,16.0,20,3,42.77820512820513,26.60641025641026,Dry,10.0,1.0,Finished,True
2025,16,Italian Grand Prix,sainz,SAI,williams,Williams,13.0,12,82.75862068965517,12.8,15.4,0.9341049852777061,13.0,20,3,42.77820512820513,26.60641025641026,Dry,11.0,0.0,Finished,True
2025,16,Italian Grand Prix,bearman,BEA,haas,Haas F1 Team,11.0,13,90.0,12.3,11.8,0.8300335059396868,11.0,20,3,42.77820512820513,26.60641025641026,Dry,12.0,0.0,Finished,True
2025,16,Italian Grand Prix,tsunoda,TSU,red_bull,Red Bull Racing,9.0,14,90.0,10.8,14.0,0.8135343689714691,10.0,20,3,42.77820512820513,26.60641025641026,Dry,13.0,0.0,Finished,True
2025,16,Italian Grand Prix,lawson,LAW,rb,Racing Bulls,18.0,11,83.33333333333334,11.6,10.6,1.8872474362879421,20.0,20,3,42.77820512820513,26.60641025641026,Dry,14.0,0.0,Finished,True
2025,16,Italian Grand Prix,ocon,OCO,haas,Haas F1 Team,15.0,14,90.0,12.3,12.8,1.1612854096862524,15.0,20,3,42.77820512820513,26.60641025641026,Dry,15.0,0.0,Lapped,True
2025,16,Italian Grand Prix,gasly,GAS,alpine,Alpine,20.0,12,82.75862068965517,14.8,13.0,1.6638745050258752,19.0,20,3,42.77820512820513,26.60641025641026,Dry,16.0,0.0,Lapped,True
2025,16,Italian Grand Prix,colapinto,COL,alpine,Alpine,17.0,8,82.75862068965517,14.8,16.6,1.5229972586049412,18.0,20,3,42.77820512820513,26.60641025641026,Dry,17.0,0.0,Lapped,True
2025,16,Italian Grand Prix,stroll,STR,aston_martin,Aston Martin,16.0,14,89.65517241379311,9.5,9.8,1.4671540257894078,17.0,20,3,42.77820512820513,26.60641025641026,Dry,18.0,0.0,Lapped,True
2025,16,Italian Grand Prix,alonso,ALO,aston_martin,Aston Martin,8.0,12,89.65517241379311,9.5,9.2,0.7234236978373332,9.0,20,3,42.77820512820513,26.60641025641026,Dry,19.0,0.0,Retired,False
2025,16,Italian Grand Prix,hulkenberg,HUL,sauber,Kick Sauber,12.0,14,86.66666666666667,10.7,10.2,0.8960300538125798,12.0,20,3,42.77820512820513,26.60641025641026,Dry,20.0,0.0,Did not start,False
2025,17,Azerbaijan Grand Prix,max_verstappen,VER,red_bull,Red Bull Racing,1.0,15,90.625,8.8,4.2,0.0,1.0,20,3,26.07851851851852,20.748888888888892,Mixed Rain,1.0,25.0,Finished,True
2025,17,Azerbaijan Grand Prix,russell,RUS,mercedes,Mercedes,5.0,16,87.5,9.4,5.4,0.3342662460318113,5.0,20,2,26.07851851851852,20.748888888888892,Mixed Rain,2.0,18.0,Finished,True
2025,17,Azerbaijan Grand Prix,sainz,SAI,williams,Williams,2.0,13,83.87096774193549,10.9,13.6,0.47271972071956103,2.0,20,2,26.07851851851852,20.748888888888892,Mixed Rain,3.0,15.0,Finished,True
2025,17,Azerbaijan Grand Prix,antonelli,ANT,mercedes,Mercedes,4.0,12,87.5,9.4,13.4,0.34316682654746966,4.0,20,2,26.07851851851852,20.748888888888892,Mixed Rain,4.0,12.0,Finished,True
2025,17,Azerbaijan Grand Prix,lawson,LAW,rb,Racing Bulls,3.0,12,84.375,12.2,12.2,0.4153604240632047,3.0,20,2,26.07851851851852,20.748888888888892,Mixed Rain,5.0,10.0,Finished,True
2025,17,Azerbaijan Grand Prix,tsunoda,TSU,red_bull,Red Bull Racing,6.0,15,90.625,8.8,13.4,0.6635877251105038,6.0,20,2,26.07851851851852,20.748888888888892,Mixed Rain,6.0,8.0,Finished,True
2025,17,Azerbaijan Grand Prix,norris,NOR,mclaren,McLaren,7.0,14,93.75,3.3,4.8,0.2027354450784724,7.0,20,3,26.07851851851852,20.748888888888892,Mixed Rain,7.0,6.0,Finished,True
2025,17,Azerbaijan Grand Prix,hamilton,HAM,ferrari,Ferrari,12.0,14,87.5,9.3,9.8,0.6962231870011992,12.0,20,3,26.07851851851852,20.748888888888892,Mixed Rain,8.0,4.0,Finished,True
2025,17,Azerbaijan Grand Prix,leclerc,LEC,ferrari,Ferrari,10.0,14,87.5,9.3,8.8,0.33723310620370484,10.0,20,3,26.07851851851852,20.748888888888892,Mixed Rain,9.0,2.0,Finished,True
2025,17,Azerbaijan Grand Prix,hadjar,HAD,rb,Racing Bulls,8.0,14,84.375,12.2,12.2,0.5241452970321525,8.0,20,2,26.07851851851852,20.748888888888892,Mixed Rain,10.0,1.0,Finished,True
2025,17,Azerbaijan Grand Prix,bortoleto,BOR,sauber,Kick Sauber,13.0,13,87.09677419354838,11.8,11.2,1.1471859331269707,13.0,20,2,26.07851851851852,20.748888888888892,Mixed Rain,11.0,0.0,Finished,True
2025,17,Azerbaijan Grand Prix,bearman,BEA,haas,Haas F1 Team,15.0,14,90.625,12.9,12.0,1.5318888020807497,15.0,20,3,26.07851851851852,20.748888888888892,Mixed Rain,12.0,0.0,Finished,True
2025,17,Azerbaijan Grand Prix,albon,ALB,williams,Williams,19.0,13,83.87096774193549,10.9,8.2,2.6316049724576462,19.0,20,3,26.07851851851852,20.748888888888892,Mixed Rain,13.0,0.0,Finished,True
2025,17,Azerbaijan Grand Prix,ocon,OCO,haas,Haas F1 Team,20.0,15,90.625,12.9,13.8,1.8661550481125833,20.0,20,3,26.07851851851852,20.748888888888892,Mixed Rain,14.0,0.0,Finished,True
2025,17,Azerbaijan Grand Prix,alonso,ALO,aston_martin,Aston Martin,11.0,12,87.09677419354838,11.1,11.6,0.7318255090637438,11.0,20,2,26.07851851851852,20.748888888888892,Mixed Rain,15.0,0.0,Finished,True
2025,17,Azerbaijan Grand Prix,hulkenberg,HUL,sauber,Kick Sauber,17.0,14,87.09677419354838,11.8,12.4,1.779127149737425,17.0,20,3,26.07851851851852,20.748888888888892,Mixed Rain,16.0,0.0,Finished,True
2025,17,Azerbaijan Grand Prix,stroll,STR,aston_martin,Aston Martin,14.0,15,87.09677419354838,11.1,10.6,0.9731301363766764,14.0,20,2,26.07851851851852,20.748888888888892,Mixed Rain,17.0,0.0,Finished,True
2025,17,Azerbaijan Grand Prix,gasly,GAS,alpine,Alpine,18.0,13,83.87096774193549,15.3,13.6,1.9996637558471697,18.0,20,3,26.07851851851852,20.748888888888892,Mixed Rain,18.0,0.0,Lapped,True
2025,17,Azerbaijan Grand Prix,colapinto,COL,alpine,Alpine,16.0,9,83.87096774193549,15.3,17.0,1.6436405352215688,16.0,20,3,26.07851851851852,20.748888888888892,Mixed Rain,19.0,0.0,Lapped,True
2025,17,Azerbaijan Grand Prix,piastri,PIA,mclaren,McLaren,9.0,16,93.75,3.3,1.8,0.2937191570161257,9.0,20,3,26.07851851851852,20.748888888888892,Mixed Rain,20.0,0.0,Retired,False
2025,18,Singapore Grand Prix,russell,RUS,mercedes,Mercedes,1.0,17,88.23529411764706,7.4,3.8,0.0,1.0,20,3,34.9609756097561,29.863414634146345,Dry,1.0,25.0,Finished,True
2025,18,Singapore Grand Prix,max_verstappen,VER,red_bull,Red Bull Racing,2.0,16,91.17647058823529,7.5,3.4,0.20413199039905905,2.0,20,3,34.9609756097561,29.863414634146345,Dry,2.0,18.0,Finished,True
2025,18,Singapore Grand Prix,norris,NOR,mclaren,McLaren,5.0,15,91.17647058823529,5.7,6.0,0.48004665874066266,5.0,20,3,34.9609756097561,29.863414634146345,Dry,3.0,15.0,Finished,True
2025,18,Singapore Grand Prix,piastri,PIA,mclaren,McLaren,3.0,16,91.17647058823529,5.7,5.4,0.410507189483833,3.0,20,3,34.9609756097561,29.863414634146345,Dry,4.0,12.0,Finished,True
2025,18,Singapore Grand Prix,antonelli,ANT,mercedes,Mercedes,4.0,13,88.23529411764706,7.4,11.0,0.42508804594092453,4.0,20,3,34.9609756097561,29.863414634146345,Dry,5.0,10.0,Finished,True
2025,18,Singapore Grand Prix,leclerc,LEC,ferrari,Ferrari,7.0,15,88.23529411764706,9.2,7.8,0.7021243186253745,7.0,20,3,34.9609756097561,29.863414634146345,Dry,6.0,8.0,Finished,True
2025,18,Singapore Grand Prix,alonso,ALO,aston_martin,Aston Martin,10.0,13,87.87878787878788,12.7,12.8,0.893918661253057,10.0,20,3,34.9609756097561,29.863414634146345,Dry,7.0,6.0,Finished,True
2025,18,Singapore Grand Prix,hamilton,HAM,ferrari,Ferrari,6.0,15,88.23529411764706,9.2,10.6,0.5944503017115688,6.0,20,3,34.9609756097561,29.863414634146345,Dry,8.0,4.0,Finished,True
2025,18,Singapore Grand Prix,bearman,BEA,haas,Haas F1 Team,9.0,15,91.17647058823529,13.1,12.2,0.7963390834249351,9.0,20,3,34.9609756097561,29.863414634146345,Dry,9.0,2.0,Finished,True
2025,18,Singapore Grand Prix,sainz,SAI,williams,Williams,18.0,14,84.84848484848484,10.5,11.8,1.2079678772516145,20.0,20,3,34.9609756097561,29.863414634146345,Dry,10.0,1.0,Lapped,True
2025,18,Singapore Grand Prix,hadjar,HAD,rb,Racing Bulls,8.0,15,85.29411764705883,10.1,10.8,0.7716637878821819,8.0,20,3,34.9609756097561,29.863414634146345,Dry,11.0,0.0,Lapped,True
2025,18,Singapore Grand Prix,tsunoda,TSU,red_bull,Red Bull Racing,13.0,16,91.17647058823529,7.5,11.6,1.3403171897081512,13.0,20,3,34.9609756097561,29.863414634146345,Dry,12.0,0.0,Lapped,True
2025,18,Singapore Grand Prix,stroll,STR,aston_martin,Aston Martin,15.0,16,87.87878787878788,12.7,12.6,2.008793378047957,15.0,20,3,34.9609756097561,29.863414634146345,Dry,13.0,0.0,Lapped,True
2025,18,Singapore Grand Prix,albon,ALB,williams,Williams,20.0,14,84.84848484848484,10.5,9.2,1.170954933937507,19.0,20,3,34.9609756097561,29.863414634146345,Dry,14.0,0.0,Lapped,True
2025,18,Singapore Grand Prix,lawson,LAW,rb,Racing Bulls,12.0,13,85.29411764705883,10.1,9.4,1.3033042463940436,12.0,20,3,34.9609756097561,29.863414634146345,Dry,15.0,0.0,Lapped,True
2025,18,Singapore Grand Prix,colapinto,COL,alpine,Alpine,16.0,10,84.84848484848484,16.4,16.8,2.0458063213620648,16.0,20,3,34.9609756097561,29.863414634146345,Dry,16.0,0.0,Lapped,True
2025,18,Singapore Grand Prix,bortoleto,BOR,sauber,Kick Sauber,14.0,14,87.87878787878788,12.4,9.8,1.864106417820044,14.0,20,3,34.9609756097561,29.863414634146345,Dry,17.0,0.0,Lapped,True
2025,18,Singapore Grand Prix,ocon,OCO,haas,Haas F1 Team,17.0,16,91.17647058823529,13.1,14.0,2.0536575517620337,17.0,20,3,34.9609756097561,29.863414634146345,Dry,18.0,0.0,Lapped,True
2025,18,Singapore Grand Prix,gasly,GAS,alpine,Alpine,19.0,14,84.84848484848484,16.4,16.0,2.358733933017776,18.0,20,3,34.9609756097561,29.863414634146345,Dry,19.0,0.0,Lapped,True
2025,18,Singapore Grand Prix,hulkenberg,HUL,sauber,Kick Sauber,11.0,15,87.87878787878788,12.4,15.0,1.1025370690235459,11.0,20,3,34.9609756097561,29.863414634146345,Dry,20.0,0.0,Lapped,True
2025,19,United States Grand Prix,max_verstappen,VER,red_bull,Red Bull Racing,1.0,17,91.66666666666666,7.2,3.0,0.0,1.0,20,3,45.712500000000006,33.92272727272728,Dry,1.0,25.0,Finished,True
2025,19,United States Grand Prix,norris,NOR,mclaren,McLaren,2.0,16,91.66666666666666,6.1,6.2,0.31456058804453235,2.0,20,3,45.712500000000006,33.92272727272728,Dry,2.0,18.0,Finished,True
2025,19,United States Grand Prix,leclerc,LEC,ferrari,Ferrari,3.0,16,88.88888888888889,9.6,8.4,0.3210463733650304,3.0,20,3,45.712500000000006,33.92272727272728,Dry,3.0,15.0,Finished,True
2025,19,United States Grand Prix,hamilton,HAM,ferrari,Ferrari,5.0,16,88.88888888888889,9.6,10.8,0.4345476164739015,5.0,20,3,45.712500000000006,33.92272727272728,Dry,4.0,12.0,Finished,True
2025,19,United States Grand Prix,piastri,PIA,mclaren,McLaren,6.0,17,91.66666666666666,6.1,6.0,0.6204734623283858,6.0,20,3,45.712500000000006,33.92272727272728,Dry,5.0,10.0,Finished,True
2025,19,United States Grand Prix,russell,RUS,mercedes,Mercedes,4.0,18,88.88888888888889,5.9,3.0,0.3415846935466371,4.0,20,3,45.712500000000006,33.92272727272728,Dry,6.0,8.0,Finished,True
2025,19,United States Grand Prix,tsunoda,TSU,red_bull,Red Bull Racing,13.0,17,91.66666666666666,7.2,11.4,1.0334017944005902,13.0,20,3,45.712500000000006,33.92272727272728,Dry,7.0,6.0,Finished,True
2025,19,United States Grand Prix,hulkenberg,HUL,sauber,Kick Sauber,11.0,16,88.57142857142857,14.0,16.6,0.8907145173494779,11.0,20,3,45.712500000000006,33.92272727272728,Dry,8.0,4.0,Finished,True
2025,19,United States Grand Prix,bearman,BEA,haas,Haas F1 Team,8.0,16,91.66666666666666,13.2,11.8,0.6799264944330252,8.0,20,3,45.712500000000006,33.92272727272728,Dry,9.0,2.0,Finished,True
2025,19,United States Grand Prix,alonso,ALO,aston_martin,Aston Martin,10.0,14,88.57142857142857,11.6,10.8,0.7026267430547906,10.0,20,3,45.712500000000006,33.92272727272728,Dry,10.0,1.0,Finished,True
2025,19,United States Grand Prix,lawson,LAW,rb,Racing Bulls,12.0,14,86.11111111111111,9.9,10.8,0.9188195870716509,12.0,20,3,45.712500000000006,33.92272727272728,Dry,11.0,0.0,Finished,True
2025,19,United States Grand Prix,stroll,STR,aston_martin,Aston Martin,19.0,17,88.57142857142857,11.6,12.4,1.4787590530753292,18.0,20,3,45.712500000000006,33.92272727272728,Dry,12.0,0.0,Finished,True
2025,19,United States Grand Prix,antonelli,ANT,mercedes,Mercedes,7.0,14,88.88888888888889,5.9,8.8,0.5772348935250138,7.0,20,3,45.712500000000006,33.92272727272728,Dry,13.0,0.0,Finished,True
2025,19,United States Grand Prix,albon,ALB,williams,Williams,18.0,15,85.71428571428571,10.5,10.8,1.2539184952978122,19.0,20,3,45.712500000000006,33.92272727272728,Dry,14.0,0.0,Finished,True
2025,19,United States Grand Prix,ocon,OCO,haas,Haas F1 Team,17.0,17,91.66666666666666,13.2,14.6,1.757647821857078,17.0,20,3,45.712500000000006,33.92272727272728,Dry,15.0,0.0,Finished,True
2025,19,United States Grand Prix,hadjar,HAD,rb,Racing Bulls,20.0,16,86.11111111111111,9.9,9.0,,20.0,20,Unknown,45.712500000000006,33.92272727272728,Dry,16.0,0.0,Finished,True
2025,19,United States Grand Prix,colapinto,COL,alpine,Alpine,15.0,11,85.71428571428571,17.0,16.2,1.6527942925089079,15.0,20,3,45.712500000000006,33.92272727272728,Dry,17.0,0.0,Lapped,True
2025,19,United States Grand Prix,bortoleto,BOR,sauber,Kick Sauber,16.0,15,88.57142857142857,14.0,11.4,1.7457572154361722,16.0,20,3,45.712500000000006,33.92272727272728,Dry,18.0,0.0,Lapped,True
2025,19,United States Grand Prix,gasly,GAS,alpine,Alpine,14.0,15,85.71428571428571,17.0,17.8,1.177170035671815,14.0,20,3,45.712500000000006,33.92272727272728,Dry,19.0,0.0,Lapped,True
2025,19,United States Grand Prix,sainz,SAI,williams,Williams,9.0,15,85.71428571428571,10.5,10.2,0.6637120311317579,9.0,20,3,45.712500000000006,33.92272727272728,Dry,20.0,0.0,Retired,False
2025,20,Mexico City Grand Prix,norris,NOR,mclaren,McLaren,1.0,17,92.10526315789474,6.5,6.4,0.0,1.0,20,3,46.035897435897446,26.189743589743586,Dry,1.0,25.0,Finished,True
2025,20,Mexico City Grand Prix,leclerc,LEC,ferrari,Ferrari,2.0,17,89.47368421052632,8.7,8.2,0.3466250363824086,2.0,20,3,46.035897435897446,26.189743589743586,Dry,2.0,18.0,Finished,True
2025,20,Mexico City Grand Prix,max_verstappen,VER,red_bull,Red Bull Racing,5.0,18,92.10526315789474,5.4,1.4,0.6403302198819905,5.0,20,3,46.035897435897446,26.189743589743586,Dry,3.0,15.0,Finished,True
2025,20,Mexico City Grand Prix,bearman,BEA,haas,Haas F1 Team,9.0,17,92.10526315789474,12.0,9.6,1.1562987854893736,10.0,20,3,46.035897435897446,26.189743589743586,Dry,4.0,12.0,Finished,True
2025,20,Mexico City Grand Prix,piastri,PIA,mclaren,McLaren,7.0,18,92.10526315789474,6.5,6.6,0.7779218373773045,8.0,20,3,46.035897435897446,26.189743589743586,Dry,5.0,10.0,Finished,True
2025,20,Mexico City Grand Prix,antonelli,ANT,mercedes,Mercedes,6.0,15,89.47368421052632,6.5,9.4,0.7038340433413559,6.0,20,3,46.035897435897446,26.189743589743586,Dry,6.0,8.0,Finished,True
2025,20,Mexico City Grand Prix,russell,RUS,mercedes,Mercedes,4.0,19,89.47368421052632,6.5,3.6,0.5927023522874775,4.0,20,3,46.035897435897446,26.189743589743586,Dry,7.0,6.0,Finished,True
2025,20,Mexico City Grand Prix,hamilton,HAM,ferrari,Ferrari,3.0,17,89.47368421052632,8.7,9.2,0.46569470536872437,3.0,20,3,46.035897435897446,26.189743589743586,Dry,8.0,4.0,Finished,True
2025,20,Mexico City Grand Prix,ocon,OCO,haas,Haas F1 Team,11.0,18,92.10526315789474,12.0,14.4,1.6550683989098536,12.0,20,3,46.035897435897446,26.189743589743586,Dry,9.0,2.0,Finished,True
2025,20,Mexico City Grand Prix,bortoleto,BOR,sauber,Kick Sauber,16.0,16,89.1891891891892,14.7,13.8,2.4157912841002327,16.0,20,3,46.035897435897446,26.189743589743586,Dry,10.0,1.0,Finished,True
2025,20,Mexico City Grand Prix,tsunoda,TSU,red_bull,Red Bull Racing,10.0,18,92.10526315789474,5.4,9.4,1.6272854761463895,11.0,20,3,46.035897435897446,26.189743589743586,Dry,11.0,0.0,Finished,True
2025,20,Mexico City Grand Prix,albon,ALB,williams,Williams,17.0,16,83.78378378378379,11.0,10.6,2.518984997221696,17.0,20,3,46.035897435897446,26.189743589743586,Dry,12.0,0.0,Lapped,True
2025,20,Mexico City Grand Prix,hadjar,HAD,rb,Racing Bulls,8.0,17,86.8421052631579,10.7,10.0,0.8811155504987678,9.0,20,3,46.035897435897446,26.189743589743586,Dry,13.0,0.0,Lapped,True
2025,20,Mexico City Grand Prix,stroll,STR,aston_martin,Aston Martin,19.0,18,89.1891891891892,12.6,13.4,2.6724525705818403,19.0,20,3,46.035897435897446,26.189743589743586,Dry,14.0,0.0,Lapped,True
2025,20,Mexico City Grand Prix,gasly,GAS,alpine,Alpine,18.0,16,86.48648648648648,16.9,17.8,2.5930727912576446,18.0,20,3,46.035897435897446,26.189743589743586,Dry,15.0,0.0,Lapped,True
2025,20,Mexico City Grand Prix,colapinto,COL,alpine,Alpine,20.0,12,86.48648648648648,16.9,16.0,2.7571243351943497,20.0,20,3,46.035897435897446,26.189743589743586,Dry,16.0,0.0,Lapped,True
2025,20,Mexico City Grand Prix,sainz,SAI,williams,Williams,12.0,15,83.78378378378379,11.0,11.4,0.7752758447331587,7.0,20,3,46.035897435897446,26.189743589743586,Dry,17.0,0.0,Retired,False
2025,20,Mexico City Grand Prix,alonso,ALO,aston_martin,Aston Martin,14.0,15,89.1891891891892,12.6,11.8,2.0069854205805315,14.0,20,3,46.035897435897446,26.189743589743586,Dry,18.0,0.0,Retired,False
2025,20,Mexico City Grand Prix,hulkenberg,HUL,sauber,Kick Sauber,13.0,17,89.1891891891892,14.7,15.6,1.8918847405604344,13.0,20,3,46.035897435897446,26.189743589743586,Dry,19.0,0.0,Retired,False
2025,20,Mexico City Grand Prix,lawson,LAW,rb,Racing Bulls,15.0,15,86.8421052631579,10.7,11.4,1.8191199428465588,15.0,20,3,46.035897435897446,26.189743589743586,Dry,20.0,0.0,Retired,False
2025,21,São Paulo Grand Prix,norris,NOR,mclaren,McLaren,1.0,18,92.5,5.2,3.0,0.0,1.0,20,3,40.28048780487806,25.97073170731707,Dry,1.0,25.0,Finished,True
2025,21,São Paulo Grand Prix,antonelli,ANT,mercedes,Mercedes,2.0,16,90.0,5.8,7.4,0.2503200932226557,2.0,20,3,40.28048780487806,25.97073170731707,Dry,2.0,18.0,Finished,True
2025,21,São Paulo Grand Prix,max_verstappen,VER,red_bull,Red Bull Racing,19.0,19,92.5,5.7,1.6,1.2832501330724888,16.0,20,3,40.28048780487806,25.97073170731707,Dry,3.0,15.0,Finished,True
2025,21,São Paulo Grand Prix,russell,RUS,mercedes,Mercedes,6.0,20,90.0,5.8,4.2,0.5308512321790859,6.0,20,3,40.28048780487806,25.97073170731707,Dry,4.0,12.0,Finished,True
2025,21,São Paulo Grand Prix,piastri,PIA,mclaren,McLaren,4.0,19,92.5,5.2,7.4,0.46611327703529604,4.0,20,3,40.28048780487806,25.97073170731707,Dry,5.0,10.0,Finished,True
2025,21,São Paulo Grand Prix,bearman,BEA,haas,Haas F1 Team,8.0,18,92.5,11.7,9.2,0.35102357900187453,8.0,20,3,40.28048780487806,25.97073170731707,Dry,6.0,8.0,Finished,True
2025,21,São Paulo Grand Prix,lawson,LAW,rb,Racing Bulls,7.0,15,85.0,12.5,13.0,0.631554717958327,7.0,20,3,40.28048780487806,25.97073170731707,Dry,7.0,6.0,Finished,True
2025,21,São Paulo Grand Prix,hadjar,HAD,rb,Racing Bulls,5.0,18,85.0,12.5,12.0,0.6042209146753796,5.0,20,3,40.28048780487806,25.97073170731707,Dry,8.0,4.0,Finished,True
2025,21,São Paulo Grand Prix,hulkenberg,HUL,sauber,Kick Sauber,10.0,17,87.17948717948718,14.7,16.6,0.6819064608479364,10.0,20,3,40.28048780487806,25.97073170731707,Dry,9.0,2.0,Finished,True
2025,21,São Paulo Grand Prix,gasly,GAS,alpine,Alpine,9.0,17,87.17948717948718,17.2,17.4,0.4977629439944842,9.0,20,3,40.28048780487806,25.97073170731707,Dry,10.0,1.0,Finished,True
2025,21,São Paulo Grand Prix,albon,ALB,williams,Williams,12.0,17,82.05128205128204,12.1,12.0,0.779732704176328,12.0,20,3,40.28048780487806,25.97073170731707,Dry,11.0,0.0,Finished,True
2025,21,São Paulo Grand Prix,ocon,OCO,haas,Haas F1 Team,20.0,19,92.5,11.7,14.2,1.3336018759620982,17.0,20,3,40.28048780487806,25.97073170731707,Dry,12.0,0.0,Finished,True
2025,21,São Paulo Grand Prix,sainz,SAI,williams,Williams,15.0,15,82.05128205128204,12.1,12.2,0.968192084706021,15.0,20,3,40.28048780487806,25.97073170731707,Dry,13.0,0.0,Finished,True
2025,21,São Paulo Grand Prix,alonso,ALO,aston_martin,Aston Martin,11.0,15,87.17948717948718,14.3,13.8,0.7049244004546207,11.0,20,3,40.28048780487806,25.97073170731707,Dry,14.0,0.0,Finished,True
2025,21,São Paulo Grand Prix,colapinto,COL,alpine,Alpine,16.0,13,87.17948717948718,17.2,17.0,1.6126943936930926,18.0,20,3,40.28048780487806,25.97073170731707,Dry,15.0,0.0,Finished,True
2025,21,São Paulo Grand Prix,stroll,STR,aston_martin,Aston Martin,14.0,19,87.17948717948718,14.3,14.8,0.7624692494712981,14.0,20,3,40.28048780487806,25.97073170731707,Dry,16.0,0.0,Finished,True
2025,21,São Paulo Grand Prix,tsunoda,TSU,red_bull,Red Bull Racing,17.0,19,92.5,5.7,9.8,1.7263454705010783,19.0,20,3,40.28048780487806,25.97073170731707,Dry,17.0,0.0,Finished,True
2025,21,São Paulo Grand Prix,hamilton,HAM,ferrari,Ferrari,13.0,18,90.0,5.8,6.8,0.7265037188358914,13.0,20,3,40.28048780487806,25.97073170731707,Dry,18.0,0.0,Retired,False
2025,21,São Paulo Grand Prix,leclerc,LEC,ferrari,Ferrari,3.0,18,90.0,5.8,4.8,0.4172001553711002,3.0,20,3,40.28048780487806,25.97073170731707,Dry,19.0,0.0,Retired,False
2025,21,São Paulo Grand Prix,bortoleto,BOR,sauber,Kick Sauber,18.0,17,87.17948717948718,14.7,12.8,,,20,Unknown,40.28048780487806,25.97073170731707,Dry,20.0,0.0,Retired,False
2025,22,Las Vegas Grand Prix,max_verstappen,VER,red_bull,Red Bull Racing,2.0,20,92.85714285714286,6.3,2.0,0.2992569533233347,2.0,20,4,12.549411764705884,11.728235294117646,Mixed Rain,1.0,25.0,Finished,True
2025,22,Las Vegas Grand Prix,russell,RUS,mercedes,Mercedes,4.0,21,90.47619047619048,5.0,4.0,0.805121648414775,4.0,20,4,12.549411764705884,11.728235294117646,Mixed Rain,2.0,18.0,Finished,True
2025,22,Las Vegas Grand Prix,antonelli,ANT,mercedes,Mercedes,17.0,17,90.47619047619048,5.0,6.0,7.764003928326568,17.0,20,5,12.549411764705884,11.728235294117646,Mixed Rain,3.0,15.0,Finished,True
2025,22,Las Vegas Grand Prix,leclerc,LEC,ferrari,Ferrari,9.0,18,85.71428571428571,8.5,7.8,1.7955417199399637,9.0,20,4,12.549411764705884,11.728235294117646,Mixed Rain,4.0,12.0,Finished,True
2025,22,Las Vegas Grand Prix,sainz,SAI,williams,Williams,3.0,16,82.92682926829268,12.7,12.6,0.3353901458298614,3.0,20,4,12.549411764705884,11.728235294117646,Mixed Rain,5.0,10.0,Finished,True
2025,22,Las Vegas Grand Prix,hadjar,HAD,rb,Racing Bulls,8.0,19,85.71428571428571,11.6,11.6,1.5009172271944093,8.0,20,4,12.549411764705884,11.728235294117646,Mixed Rain,6.0,8.0,Finished,True
2025,22,Las Vegas Grand Prix,hulkenberg,HUL,sauber,Kick Sauber,11.0,18,85.36585365853658,14.8,14.4,4.49070728408103,11.0,20,5,12.549411764705884,11.728235294117646,Mixed Rain,7.0,6.0,Finished,True
2025,22,Las Vegas Grand Prix,hamilton,HAM,ferrari,Ferrari,19.0,18,85.71428571428571,8.5,9.2,8.506124112883807,20.0,20,5,12.549411764705884,11.728235294117646,Mixed Rain,8.0,4.0,Finished,True
2025,22,Las Vegas Grand Prix,ocon,OCO,haas,Haas F1 Team,13.0,20,92.85714285714286,10.8,13.6,4.6815646598847405,13.0,20,5,12.549411764705884,11.728235294117646,Mixed Rain,9.0,2.0,Finished,True
2025,22,Las Vegas Grand Prix,bearman,BEA,haas,Haas F1 Team,14.0,19,92.85714285714286,10.8,8.0,4.7806993162488265,14.0,20,5,12.549411764705884,11.728235294117646,Mixed Rain,10.0,1.0,Finished,True
2025,22,Las Vegas Grand Prix,alonso,ALO,aston_martin,Aston Martin,7.0,16,87.8048780487805,13.6,12.8,1.4193859210258175,7.0,20,4,12.549411764705884,11.728235294117646,Mixed Rain,11.0,0.0,Finished,True
2025,22,Las Vegas Grand Prix,tsunoda,TSU,red_bull,Red Bull Racing,20.0,20,92.85714285714286,6.3,10.6,8.212426112253791,19.0,20,5,12.549411764705884,11.728235294117646,Mixed Rain,12.0,0.0,Finished,True
2025,22,Las Vegas Grand Prix,gasly,GAS,alpine,Alpine,10.0,18,87.8048780487805,16.4,16.2,3.3409305686808777,10.0,20,4,12.549411764705884,11.728235294117646,Mixed Rain,13.0,0.0,Finished,True
2025,22,Las Vegas Grand Prix,lawson,LAW,rb,Racing Bulls,6.0,16,85.71428571428571,11.6,11.6,1.0450831063427701,6.0,20,4,12.549411764705884,11.728235294117646,Mixed Rain,14.0,0.0,Lapped,True
2025,22,Las Vegas Grand Prix,colapinto,COL,alpine,Alpine,15.0,14,87.8048780487805,16.4,16.6,5.326403172309013,15.0,20,5,12.549411764705884,11.728235294117646,Mixed Rain,15.0,0.0,Lapped,True
2025,22,Las Vegas Grand Prix,albon,ALB,williams,Williams,16.0,18,82.92682926829268,12.7,12.8,7.67691366946468,16.0,20,5,12.549411764705884,11.728235294117646,Mixed Rain,16.0,0.0,Retired,False
2025,22,Las Vegas Grand Prix,bortoleto,BOR,sauber,Kick Sauber,18.0,17,85.36585365853658,14.8,15.2,8.09754108992533,18.0,20,5,12.549411764705884,11.728235294117646,Mixed Rain,17.0,0.0,Retired,False
2025,22,Las Vegas Grand Prix,stroll,STR,aston_martin,Aston Martin,12.0,20,87.8048780487805,13.6,14.4,4.554635240054106,12.0,20,5,12.549411764705884,11.728235294117646,Mixed Rain,18.0,0.0,Retired,False
2025,22,Las Vegas Grand Prix,norris,NOR,mclaren,McLaren,1.0,19,92.85714285714286,5.3,2.8,0.0,1.0,20,4,12.549411764705884,11.728235294117646,Mixed Rain,19.0,0.0,Disqualified,False
2025,22,Las Vegas Grand Prix,piastri,PIA,mclaren,McLaren,5.0,20,92.85714285714286,5.3,7.8,0.9515074026720027,5.0,20,4,12.549411764705884,11.728235294117646,Mixed Rain,20.0,0.0,Disqualified,False
2025,23,Qatar Grand Prix,max_verstappen,VER,red_bull,Red Bull Racing,3.0,21,93.18181818181817,6.9,2.0,0.33254815020091755,3.0,20,3,25.481395348837214,20.504651162790697,Dry,1.0,25.0,Finished,True
2025,23,Qatar Grand Prix,piastri,PIA,mclaren,McLaren,1.0,20,88.63636363636364,6.5,7.8,0.0,1.0,20,3,25.481395348837214,20.504651162790697,Dry,2.0,18.0,Finished,True
2025,23,Qatar Grand Prix,sainz,SAI,williams,Williams,7.0,17,81.3953488372093,13.2,13.0,1.0883394006575342,7.0,20,3,25.481395348837214,20.504651162790697,Dry,3.0,15.0,Finished,True
2025,23,Qatar Grand Prix,norris,NOR,mclaren,McLaren,2.0,19,88.63636363636364,6.5,5.2,0.13604242508220565,2.0,20,3,25.481395348837214,20.504651162790697,Dry,4.0,12.0,Finished,True
2025,23,Qatar Grand Prix,antonelli,ANT,mercedes,Mercedes,5.0,18,90.9090909090909,4.9,5.8,0.5781803065993296,5.0,20,3,25.481395348837214,20.504651162790697,Dry,5.0,10.0,Finished,True
2025,23,Qatar Grand Prix,russell,RUS,mercedes,Mercedes,4.0,22,90.9090909090909,4.9,4.0,0.3464043231259595,4.0,20,3,25.481395348837214,20.504651162790697,Dry,6.0,8.0,Finished,True
2025,23,Qatar Grand Prix,alonso,ALO,aston_martin,Aston Martin,8.0,17,86.04651162790698,13.3,12.0,1.0480305339665152,8.0,20,3,25.481395348837214,20.504651162790697,Dry,7.0,6.0,Finished,True
2025,23,Qatar Grand Prix,leclerc,LEC,ferrari,Ferrari,10.0,19,86.36363636363636,8.0,6.8,1.2042273923942304,10.0,20,3,25.481395348837214,20.504651162790697,Dry,8.0,4.0,Finished,True
2025,23,Qatar Grand Prix,lawson,LAW,rb,Racing Bulls,12.0,17,86.36363636363636,12.1,13.4,1.3175960799627129,12.0,20,3,25.481395348837214,20.504651162790697,Dry,9.0,2.0,Finished,True
2025,23,Qatar Grand Prix,tsunoda,TSU,red_bull,Red Bull Racing,15.0,21,93.18181818181817,6.9,11.8,1.7307619635456684,16.0,20,3,25.481395348837214,20.504651162790697,Dry,10.0,1.0,Finished,True
2025,23,Qatar Grand Prix,albon,ALB,williams,Williams,14.0,18,81.3953488372093,13.2,13.4,1.5644878884452096,15.0,20,3,25.481395348837214,20.504651162790697,Dry,11.0,0.0,Finished,True
2025,23,Qatar Grand Prix,hamilton,HAM,ferrari,Ferrari,17.0,19,86.36363636363636,8.0,9.2,1.9146711678234452,18.0,20,3,25.481395348837214,20.504651162790697,Dry,12.0,0.0,Finished,True
2025,23,Qatar Grand Prix,bortoleto,BOR,sauber,Kick Sauber,19.0,17,83.72093023255815,14.5,16.4,1.4448209404562595,14.0,20,3,25.481395348837214,20.504651162790697,Dry,13.0,0.0,Finished,True
2025,23,Qatar Grand Prix,colapinto,COL,alpine,Alpine,20.0,15,88.37209302325581,15.5,15.8,2.2043911471651523,20.0,20,3,25.481395348837214,20.504651162790697,Dry,14.0,0.0,Lapped,True
2025,23,Qatar Grand Prix,ocon,OCO,haas,Haas F1 Team,16.0,21,93.18181818181817,10.1,12.6,1.8605061282073843,17.0,20,3,25.481395348837214,20.504651162790697,Dry,15.0,0.0,Lapped,True
2025,23,Qatar Grand Prix,gasly,GAS,alpine,Alpine,9.0,19,88.37209302325581,15.5,15.2,1.1802940027964226,9.0,20,3,25.481395348837214,20.504651162790697,Dry,16.0,0.0,Lapped,True
2025,23,Qatar Grand Prix,stroll,STR,aston_martin,Aston Martin,18.0,20,86.04651162790698,13.3,14.6,2.1048786325217117,19.0,20,3,25.481395348837214,20.504651162790697,Dry,17.0,0.0,Retired,False
2025,23,Qatar Grand Prix,hadjar,HAD,rb,Racing Bulls,6.0,20,86.36363636363636,12.1,10.8,0.9157670651366079,6.0,20,3,25.481395348837214,20.504651162790697,Dry,18.0,0.0,Retired,False
2025,23,Qatar Grand Prix,bearman,BEA,haas,Haas F1 Team,13.0,20,93.18181818181817,10.1,7.6,1.3238943403831804,13.0,20,3,25.481395348837214,20.504651162790697,Dry,19.0,0.0,Retired,False
2025,23,Qatar Grand Prix,hulkenberg,HUL,sauber,Kick Sauber,11.0,19,83.72093023255815,14.5,12.6,1.2168239132351655,11.0,20,3,25.481395348837214,20.504651162790697,Dry,20.0,0.0,Retired,False
2025,24,Abu Dhabi Grand Prix,max_verstappen,VER,red_bull,Red Bull Racing,1.0,22,93.47826086956522,6.6,1.8,0.0,1.0,20,3,29.110389610389603,25.096103896103898,Dry,1.0,25.0,Finished,True
2025,24,Abu Dhabi Grand Prix,piastri,PIA,mclaren,McLaren,3.0,21,89.13043478260869,6.4,7.4,0.2797815271205595,3.0,20,3,29.110389610389603,25.096103896103898,Dry,2.0,18.0,Finished,True
2025,24,Abu Dhabi Grand Prix,norris,NOR,mclaren,McLaren,2.0,20,89.13043478260869,6.4,5.4,0.24450472587493888,2.0,20,3,29.110389610389603,25.096103896103898,Dry,3.0,15.0,Finished,True
2025,24,Abu Dhabi Grand Prix,leclerc,LEC,ferrari,Ferrari,5.0,20,86.95652173913044,8.6,7.2,0.6361988638437177,5.0,20,3,29.110389610389603,25.096103896103898,Dry,4.0,12.0,Finished,True
2025,24,Abu Dhabi Grand Prix,russell,RUS,mercedes,Mercedes,4.0,23,91.30434782608695,5.4,5.0,0.5328013429513279,4.0,20,3,29.110389610389603,25.096103896103898,Dry,5.0,10.0,Finished,True
2025,24,Abu Dhabi Grand Prix,alonso,ALO,aston_martin,Aston Martin,6.0,18,84.44444444444444,13.7,12.0,0.7955526901602283,6.0,20,3,29.110389610389603,25.096103896103898,Dry,6.0,8.0,Finished,True
2025,24,Abu Dhabi Grand Prix,ocon,OCO,haas,Haas F1 Team,8.0,22,91.30434782608695,10.8,12.0,0.8588076441178982,8.0,20,3,29.110389610389603,25.096103896103898,Dry,7.0,6.0,Finished,True
2025,24,Abu Dhabi Grand Prix,hamilton,HAM,ferrari,Ferrari,16.0,20,86.95652173913044,8.6,10.0,1.4439159682265723,16.0,20,3,29.110389610389603,25.096103896103898,Dry,8.0,4.0,Finished,True
2025,24,Abu Dhabi Grand Prix,hulkenberg,HUL,sauber,Kick Sauber,18.0,19,82.22222222222221,14.1,12.6,1.5120366878732971,18.0,20,3,29.110389610389603,25.096103896103898,Dry,9.0,2.0,Finished,True
2025,24,Abu Dhabi Grand Prix,stroll,STR,aston_martin,Aston Martin,15.0,20,84.44444444444444,13.7,15.4,1.082632865814337,15.0,20,3,29.110389610389603,25.096103896103898,Dry,10.0,1.0,Finished,True
2025,24,Abu Dhabi Grand Prix,bortoleto,BOR,sauber,Kick Sauber,7.0,18,82.22222222222221,14.1,15.6,0.8113664286496292,7.0,20,3,29.110389610389603,25.096103896103898,Dry,11.0,0.0,Finished,True
2025,24,Abu Dhabi Grand Prix,bearman,BEA,haas,Haas F1 Team,11.0,20,91.30434782608695,10.8,9.6,1.014512146167612,11.0,20,3,29.110389610389603,25.096103896103898,Dry,12.0,0.0,Finished,True
2025,24,Abu Dhabi Grand Prix,sainz,SAI,williams,Williams,12.0,18,82.22222222222221,12.2,11.6,1.0157285875898703,12.0,20,3,29.110389610389603,25.096103896103898,Dry,13.0,0.0,Finished,True
2025,24,Abu Dhabi Grand Prix,tsunoda,TSU,red_bull,Red Bull Racing,10.0,22,93.47826086956522,6.6,11.4,1.0059970562117826,10.0,20,3,29.110389610389603,25.096103896103898,Dry,14.0,0.0,Finished,True
2025,24,Abu Dhabi Grand Prix,antonelli,ANT,mercedes,Mercedes,14.0,19,91.30434782608695,5.4,5.8,0.8356952570949039,14.0,20,3,29.110389610389603,25.096103896103898,Dry,15.0,0.0,Finished,True
2025,24,Abu Dhabi Grand Prix,albon,ALB,williams,Williams,17.0,19,82.22222222222221,12.2,12.8,1.4706776795163412,17.0,20,3,29.110389610389603,25.096103896103898,Dry,16.0,0.0,Finished,True
2025,24,Abu Dhabi Grand Prix,hadjar,HAD,rb,Racing Bulls,9.0,20,84.78260869565217,12.2,12.2,0.9609887235880299,9.0,20,3,29.110389610389603,25.096103896103898,Dry,17.0,0.0,Lapped,True
2025,24,Abu Dhabi Grand Prix,lawson,LAW,rb,Racing Bulls,13.0,18,84.78260869565217,12.2,12.2,1.0583040373690844,13.0,20,3,29.110389610389603,25.096103896103898,Dry,18.0,0.0,Lapped,True
2025,24,Abu Dhabi Grand Prix,gasly,GAS,alpine,Alpine,19.0,20,88.88888888888889,15.0,14.6,1.5339326334740555,19.0,20,3,29.110389610389603,25.096103896103898,Dry,19.0,0.0,Lapped,True
2025,24,Abu Dhabi Grand Prix,colapinto,COL,alpine,Alpine,20.0,16,88.88888888888889,15.0,15.4,2.0472709136691636,20.0,20,3,29.110389610389603,25.096103896103898,Dry,20.0,0.0,Lapped,True
