Season,Round,RaceName,Driver,TeamName,FieldSize,GridPosition,DriverExperience,TeamReliability,CarPerformanceIndex,TrackTemperature,AirTemperature,DriverRecentPosition,QualifyingGapPercent,QualifyingPosition,TeamId,DriverId,TireCompound,TrackStatus
2025,24,Abu Dhabi Grand Prix,ALB,Williams,20,17.0,19,82.22222222222221,12.2,29.110389610389603,25.096103896103894,12.8,1.4706776795163412,17.0,williams,albon,3,Dry
2025,24,Abu Dhabi Grand Prix,ALO,Aston Martin,20,6.0,18,84.44444444444444,13.7,29.110389610389603,25.096103896103894,12.0,0.7955526901602283,6.0,aston_martin,alonso,3,Dry
2025,24,Abu Dhabi Grand Prix,ANT,Mercedes,20,14.0,19,91.30434782608695,5.4,29.110389610389603,25.096103896103894,5.8,0.8356952570949039,14.0,mercedes,antonelli,3,Dry
2025,24,Abu Dhabi Grand Prix,BEA,Haas F1 Team,20,11.0,20,91.30434782608695,10.8,29.110389610389603,25.096103896103894,9.6,1.014512146167612,11.0,haas,bearman,3,Dry
2025,24,Abu Dhabi Grand Prix,BOR,Kick Sauber,20,7.0,18,82.22222222222221,14.1,29.110389610389603,25.096103896103894,15.6,0.8113664286496292,7.0,sauber,bortoleto,3,Dry
2025,24,Abu Dhabi Grand Prix,COL,Alpine,20,20.0,16,88.88888888888889,15.0,29.110389610389603,25.096103896103894,15.4,2.0472709136691636,20.0,alpine,colapinto,3,Dry
2025,24,Abu Dhabi Grand Prix,GAS,Alpine,20,19.0,20,88.88888888888889,15.0,29.110389610389603,25.096103896103894,14.6,1.5339326334740555,19.0,alpine,gasly,3,Dry
2025,24,Abu Dhabi Grand Prix,HAD,Racing Bulls,20,9.0,20,84.78260869565217,12.2,29.110389610389603,25.096103896103894,12.2,0.96098872358803,9.0,rb,hadjar,3,Dry
2025,24,Abu Dhabi Grand Prix,HAM,Ferrari,20,16.0,20,86.95652173913044,8.6,29.110389610389603,25.096103896103894,10.0,1.4439159682265723,16.0,ferrari,hamilton,3,Dry
2025,24,Abu Dhabi Grand Prix,HUL,Kick Sauber,20,18.0,19,82.22222222222221,14.1,29.110389610389603,25.096103896103894,12.6,1.5120366878732971,18.0,sauber,hulkenberg,3,Dry
2025,24,Abu Dhabi Grand Prix,LAW,Racing Bulls,20,13.0,18,84.78260869565217,12.2,29.110389610389603,25.096103896103894,12.2,1.0583040373690844,13.0,rb,lawson,3,Dry
2025,24,Abu Dhabi Grand Prix,LEC,Ferrari,20,5.0,20,86.95652173913044,8.6,29.110389610389603,25.096103896103894,7.2,0.6361988638437177,5.0,ferrari,leclerc,3,Dry
2025,24,Abu Dhabi Grand Prix,VER,Red Bull Racing,20,1.0,22,93.47826086956522,6.6,29.110389610389603,25.096103896103894,1.8,0.0,1.0,red_bull,max_verstappen,3,Dry
2025,24,Abu Dhabi Grand Prix,NOR,McLaren,20,2.0,20,89.13043478260869,6.4,29.110389610389603,25.096103896103894,5.4,0.2445047258749388,2.0,mclaren,norris,3,Dry
2025,24,Abu Dhabi Grand Prix,OCO,Haas F1 Team,20,8.0,22,91.30434782608695,10.8,29.110389610389603,25.096103896103894,12.0,0.8588076441178982,8.0,haas,ocon,3,Dry
2025,24,Abu Dhabi Grand Prix,PIA,McLaren,20,3.0,21,89.13043478260869,6.4,29.110389610389603,25.096103896103894,7.4,0.2797815271205595,3.0,mclaren,piastri,3,Dry
2025,24,Abu Dhabi Grand Prix,RUS,Mercedes,20,4.0,23,91.30434782608695,5.4,29.110389610389603,25.096103896103894,5.0,0.5328013429513279,4.0,mercedes,russell,3,Dry
2025,24,Abu Dhabi Grand Prix,SAI,Williams,20,12.0,18,82.22222222222221,12.2,29.110389610389603,25.096103896103894,11.6,1.0157285875898705,12.0,williams,sainz,3,Dry
2025,24,Abu Dhabi Grand Prix,STR,Aston Martin,20,15.0,20,84.44444444444444,13.7,29.110389610389603,25.096103896103894,15.4,1.082632865814337,15.0,aston_martin,stroll,3,Dry
2025,24,Abu Dhabi Grand Prix,TSU,Red Bull Racing,20,10.0,22,93.47826086956522,6.6,29.110389610389603,25.096103896103894,11.4,1.0059970562117826,10.0,red_bull,tsunoda,3,Dry
