,importance
numeric__GridPosition,0.6792434404162774
numeric__DriverExperience,0.043300480110712365
numeric__TeamReliability,0.05324793714633851
numeric__CarPerformanceIndex,0.0897786936503533
numeric__TrackTemperature,0.03868082351186627
numeric__AirTemperature,0.029610336480854794
numeric__missingindicator_TeamReliability,0.0026109220565395095
numeric__missingindicator_CarPerformanceIndex,0.003789061189460004
category__TeamName_Alpine,0.004188360662661044
category__TeamName_Aston Martin,0.00449308651003647
category__TeamName_Ferrari,0.01897826997189449
category__TeamName_Haas F1 Team,0.002509812815840538
category__TeamName_Kick Sauber,0.003931802591527593
category__TeamName_McLaren,0.005701712593161215
category__TeamName_Mercedes,0.004809975573744787
category__TeamName_Racing Bulls,0.00377634893021467
category__TeamName_Red Bull Racing,0.0032714001356914505
category__TeamName_Williams,0.00562015184487069
category__TireCompound_2,0.0007071614743397233
category__TireCompound_3,0.0015249953582321986
category__TireCompound_Unknown,0.00022522697538310236
category__TrackStatus_Dry,0.0
