Season,Round,DriverId,Split
2025,1,albon,train
2025,1,antonelli,train
2025,1,bearman,train
2025,1,gasly,train
2025,1,hamilton,train
2025,1,hulkenberg,train
2025,1,leclerc,train
2025,1,max_verstappen,train
2025,1,norris,train
2025,1,ocon,train
2025,1,piastri,train
2025,1,russell,train
2025,1,stroll,train
2025,1,tsunoda,train
2025,2,albon,train
2025,2,antonelli,train
2025,2,bearman,train
2025,2,bortoleto,train
2025,2,doohan,train
2025,2,hadjar,train
2025,2,hulkenberg,train
2025,2,lawson,train
2025,2,max_verstappen,train
2025,2,norris,train
2025,2,ocon,train
2025,2,piastri,train
2025,2,russell,train
2025,2,sainz,train
2025,2,stroll,train
2025,2,tsunoda,train
2025,3,albon,train
2025,3,alonso,train
2025,3,antonelli,train
2025,3,bearman,train
2025,3,bortoleto,train
2025,3,doohan,train
2025,3,gasly,train
2025,3,hadjar,train
2025,3,hamilton,train
2025,3,hulkenberg,train
2025,3,lawson,train
2025,3,leclerc,train
2025,3,max_verstappen,train
2025,3,norris,train
2025,3,ocon,train
2025,3,piastri,train
2025,3,russell,train
2025,3,sainz,train
2025,3,stroll,train
2025,3,tsunoda,train
2025,4,albon,train
2025,4,alonso,train
2025,4,antonelli,train
2025,4,bearman,train
2025,4,bortoleto,train
2025,4,doohan,train
2025,4,gasly,train
2025,4,hadjar,train
2025,4,hamilton,train
2025,4,lawson,train
2025,4,leclerc,train
2025,4,max_verstappen,train
2025,4,norris,train
2025,4,ocon,train
2025,4,piastri,train
2025,4,russell,train
2025,4,stroll,train
2025,4,tsunoda,train
2025,5,albon,train
2025,5,alonso,train
2025,5,antonelli,train
2025,5,bearman,train
2025,5,bortoleto,train
2025,5,doohan,train
2025,5,hadjar,train
2025,5,hamilton,train
2025,5,hulkenberg,train
2025,5,lawson,train
2025,5,leclerc,train
2025,5,max_verstappen,train
2025,5,norris,train
2025,5,ocon,train
2025,5,piastri,train
2025,5,russell,train
2025,5,sainz,train
2025,5,stroll,train
2025,6,albon,train
2025,6,alonso,train
2025,6,antonelli,train
2025,6,gasly,train
2025,6,hadjar,train
2025,6,hamilton,train
2025,6,hulkenberg,train
2025,6,leclerc,train
2025,6,max_verstappen,train
2025,6,norris,train
2025,6,ocon,train
2025,6,piastri,train
2025,6,russell,train
2025,6,sainz,train
2025,6,stroll,train
2025,6,tsunoda,train
2025,7,albon,train
2025,7,alonso,train
2025,7,bearman,train
2025,7,bortoleto,train
2025,7,colapinto,train
2025,7,gasly,train
2025,7,hadjar,train
2025,7,hamilton,train
2025,7,hulkenberg,train
2025,7,lawson,train
2025,7,leclerc,train
2025,7,max_verstappen,train
2025,7,norris,train
2025,7,piastri,train
2025,7,russell,train
2025,7,sainz,train
2025,7,stroll,train
2025,7,tsunoda,train
2025,8,albon,train
2025,8,antonelli,train
2025,8,bearman,train
2025,8,bortoleto,train
2025,8,colapinto,train
2025,8,hadjar,train
2025,8,hamilton,train
2025,8,hulkenberg,train
2025,8,lawson,train
2025,8,leclerc,train
2025,8,max_verstappen,train
2025,8,norris,train
2025,8,ocon,train
2025,8,piastri,train
2025,8,russell,train
2025,8,sainz,train
2025,8,stroll,train
2025,8,tsunoda,train
2025,9,alonso,train
2025,9,bearman,train
2025,9,bortoleto,train
2025,9,colapinto,train
2025,9,gasly,train
2025,9,hadjar,train
2025,9,hamilton,train
2025,9,hulkenberg,train
2025,9,lawson,train
2025,9,leclerc,train
2025,9,max_verstappen,train
2025,9,norris,train
2025,9,ocon,train
2025,9,piastri,train
2025,9,russell,train
2025,9,sainz,train
2025,9,tsunoda,train
2025,10,alonso,train
2025,10,antonelli,train
2025,10,bearman,train
2025,10,bortoleto,train
2025,10,colapinto,train
2025,10,gasly,train
2025,10,hadjar,train
2025,10,hamilton,train
2025,10,hulkenberg,train
2025,10,leclerc,train
2025,10,max_verstappen,train
2025,10,ocon,train
2025,10,piastri,train
2025,10,russell,train
2025,10,sainz,train
2025,10,stroll,train
2025,10,tsunoda,train
2025,11,alonso,train
2025,11,bearman,train
2025,11,bortoleto,train
2025,11,colapinto,train
2025,11,gasly,train
2025,11,hadjar,train
2025,11,hamilton,train
2025,11,hulkenberg,train
2025,11,lawson,train
2025,11,leclerc,train
2025,11,norris,train
2025,11,ocon,train
2025,11,piastri,train
2025,11,russell,train
2025,11,stroll,train
2025,11,tsunoda,train
2025,12,albon,train
2025,12,alonso,train
2025,12,bearman,train
2025,12,gasly,train
2025,12,hamilton,train
2025,12,hulkenberg,train
2025,12,leclerc,train
2025,12,max_verstappen,train
2025,12,norris,train
2025,12,ocon,train
2025,12,piastri,train
2025,12,russell,train
2025,12,sainz,train
2025,12,stroll,train
2025,12,tsunoda,train
2025,13,albon,train
2025,13,alonso,train
2025,13,antonelli,train
2025,13,bearman,train
2025,13,bortoleto,train
2025,13,colapinto,train
2025,13,gasly,train
2025,13,hadjar,train
2025,13,hamilton,train
2025,13,hulkenberg,train
2025,13,lawson,train
2025,13,leclerc,train
2025,13,max_verstappen,train
2025,13,norris,train
2025,13,ocon,train
2025,13,piastri,train
2025,13,russell,train
2025,13,sainz,train
2025,13,stroll,train
2025,13,tsunoda,train
2025,14,albon,train
2025,14,alonso,train
2025,14,antonelli,train
2025,14,bortoleto,train
2025,14,colapinto,train
2025,14,gasly,train
2025,14,hadjar,train
2025,14,hamilton,train
2025,14,hulkenberg,train
2025,14,lawson,train
2025,14,leclerc,train
2025,14,max_verstappen,train
2025,14,norris,train
2025,14,ocon,train
2025,14,piastri,train
2025,14,russell,train
2025,14,sainz,train
2025,14,stroll,train
2025,14,tsunoda,train
2025,15,albon,train
2025,15,alonso,train
2025,15,antonelli,train
2025,15,bearman,train
2025,15,bortoleto,train
2025,15,colapinto,train
2025,15,gasly,train
2025,15,hadjar,train
2025,15,hulkenberg,train
2025,15,lawson,train
2025,15,max_verstappen,train
2025,15,ocon,train
2025,15,piastri,train
2025,15,russell,train
2025,15,sainz,train
2025,15,stroll,train
2025,15,tsunoda,train
2025,16,albon,train
2025,16,antonelli,train
2025,16,bearman,train
2025,16,bortoleto,train
2025,16,colapinto,train
2025,16,gasly,train
2025,16,hadjar,train
2025,16,hamilton,train
2025,16,lawson,train
2025,16,leclerc,train
2025,16,max_verstappen,train
2025,16,norris,train
2025,16,ocon,train
2025,16,piastri,train
2025,16,russell,train
2025,16,sainz,train
2025,16,stroll,train
2025,16,tsunoda,train
2025,17,albon,validation
2025,17,alonso,validation
2025,17,antonelli,validation
2025,17,bearman,validation
2025,17,bortoleto,validation
2025,17,colapinto,validation
2025,17,gasly,validation
2025,17,hadjar,validation
2025,17,hamilton,validation
2025,17,hulkenberg,validation
2025,17,lawson,validation
2025,17,leclerc,validation
2025,17,max_verstappen,validation
2025,17,norris,validation
2025,17,ocon,validation
2025,17,russell,validation
2025,17,sainz,validation
2025,17,stroll,validation
2025,17,tsunoda,validation
2025,18,albon,validation
2025,18,alonso,validation
2025,18,antonelli,validation
2025,18,bearman,validation
2025,18,bortoleto,validation
2025,18,colapinto,validation
2025,18,gasly,validation
2025,18,hadjar,validation
2025,18,hamilton,validation
2025,18,hulkenberg,validation
2025,18,lawson,validation
2025,18,leclerc,validation
2025,18,max_verstappen,validation
2025,18,norris,validation
2025,18,ocon,validation
2025,18,piastri,validation
2025,18,russell,validation
2025,18,sainz,validation
2025,18,stroll,validation
2025,18,tsunoda,validation
2025,19,albon,validation
2025,19,alonso,validation
2025,19,antonelli,validation
2025,19,bearman,validation
2025,19,bortoleto,validation
2025,19,colapinto,validation
2025,19,gasly,validation
2025,19,hadjar,validation
2025,19,hamilton,validation
2025,19,hulkenberg,validation
2025,19,lawson,validation
2025,19,leclerc,validation
2025,19,max_verstappen,validation
2025,19,norris,validation
2025,19,ocon,validation
2025,19,piastri,validation
2025,19,russell,validation
2025,19,stroll,validation
2025,19,tsunoda,validation
2025,20,albon,validation
2025,20,antonelli,validation
2025,20,bearman,validation
2025,20,bortoleto,validation
2025,20,colapinto,validation
2025,20,gasly,validation
2025,20,hadjar,validation
2025,20,hamilton,validation
2025,20,leclerc,validation
2025,20,max_verstappen,validation
2025,20,norris,validation
2025,20,ocon,validation
2025,20,piastri,validation
2025,20,russell,validation
2025,20,stroll,validation
2025,20,tsunoda,validation
2025,21,albon,validation
2025,21,alonso,validation
2025,21,antonelli,validation
2025,21,bearman,validation
2025,21,colapinto,validation
2025,21,gasly,validation
2025,21,hadjar,validation
2025,21,hulkenberg,validation
2025,21,lawson,validation
2025,21,max_verstappen,validation
2025,21,norris,validation
2025,21,ocon,validation
2025,21,piastri,validation
2025,21,russell,validation
2025,21,sainz,validation
2025,21,stroll,validation
2025,21,tsunoda,validation
2025,22,alonso,test
2025,22,antonelli,test
2025,22,bearman,test
2025,22,colapinto,test
2025,22,gasly,test
2025,22,hadjar,test
2025,22,hamilton,test
2025,22,hulkenberg,test
2025,22,lawson,test
2025,22,leclerc,test
2025,22,max_verstappen,test
2025,22,ocon,test
2025,22,russell,test
2025,22,sainz,test
2025,22,tsunoda,test
2025,23,albon,test
2025,23,alonso,test
2025,23,antonelli,test
2025,23,bortoleto,test
2025,23,colapinto,test
2025,23,gasly,test
2025,23,hamilton,test
2025,23,lawson,test
2025,23,leclerc,test
2025,23,max_verstappen,test
2025,23,norris,test
2025,23,ocon,test
2025,23,piastri,test
2025,23,russell,test
2025,23,sainz,test
2025,23,tsunoda,test
2025,24,albon,test
2025,24,alonso,test
2025,24,antonelli,test
2025,24,bearman,test
2025,24,bortoleto,test
2025,24,colapinto,test
2025,24,gasly,test
2025,24,hadjar,test
2025,24,hamilton,test
2025,24,hulkenberg,test
2025,24,lawson,test
2025,24,leclerc,test
2025,24,max_verstappen,test
2025,24,norris,test
2025,24,ocon,test
2025,24,piastri,test
2025,24,russell,test
2025,24,sainz,test
2025,24,stroll,test
2025,24,tsunoda,test
